etf_code,date,open,high,low,close
515100,2020-07-03,0.508,0.528,0.506,0.523
515100,2020-07-06,0.538,0.597,0.538,0.596
515100,2020-07-07,0.602,0.646,0.583,0.584
515100,2020-07-08,0.578,0.603,0.577,0.597
515100,2020-07-09,0.596,0.613,0.593,0.611
515100,2020-07-10,0.608,0.608,0.586,0.589
515100,2020-07-13,0.587,0.611,0.583,0.607
515100,2020-07-14,0.606,0.611,0.578,0.592
515100,2020-07-15,0.597,0.603,0.571,0.575
515100,2020-07-16,0.589,0.604,0.569,0.571
515100,2020-07-17,0.596,0.596,0.566,0.574
515100,2020-07-20,0.575,0.618,0.575,0.616
515100,2020-07-21,0.619,0.624,0.607,0.614
515100,2020-07-22,0.614,0.632,0.61,0.617
515100,2020-07-23,0.616,0.616,0.587,0.608
515100,2020-07-24,0.607,0.608,0.573,0.577
515100,2020-07-27,0.578,0.586,0.57,0.577
515100,2020-07-28,0.577,0.586,0.576,0.582
515100,2020-07-29,0.581,0.599,0.573,0.598
515100,2020-07-30,0.597,0.604,0.594,0.596
515100,2020-07-31,0.598,0.61,0.59,0.603
515100,2020-08-03,0.603,0.624,0.603,0.624
515100,2020-08-04,0.623,0.633,0.614,0.626
515100,2020-08-05,0.621,0.621,0.608,0.615
515100,2020-08-06,0.615,0.622,0.607,0.618
515100,2020-08-07,0.612,0.616,0.599,0.608
515100,2020-08-10,0.608,0.628,0.608,0.625
515100,2020-08-11,0.626,0.637,0.618,0.619
515100,2020-08-12,0.619,0.622,0.606,0.621
515100,2020-08-13,0.621,0.635,0.621,0.63
515100,2020-08-14,0.626,0.635,0.62,0.634
515100,2020-08-17,0.634,0.666,0.634,0.66
515100,2020-08-18,0.66,0.666,0.658,0.664
515100,2020-08-19,0.668,0.675,0.66,0.665
515100,2020-08-20,0.663,0.664,0.648,0.649
515100,2020-08-21,0.649,0.664,0.649,0.664
515100,2020-08-24,0.664,0.67,0.659,0.664
515100,2020-08-25,0.666,0.668,0.654,0.655
515100,2020-08-26,0.655,0.662,0.646,0.649
515100,2020-08-27,0.649,0.651,0.644,0.649
515100,2020-08-28,0.645,0.664,0.645,0.663
515100,2020-08-31,0.663,0.673,0.66,0.661
515100,2020-09-01,0.661,0.666,0.655,0.664
515100,2020-09-02,0.667,0.667,0.654,0.658
515100,2020-09-03,0.658,0.667,0.654,0.656
515100,2020-09-04,0.643,0.678,0.641,0.649
515100,2020-09-07,0.649,0.654,0.633,0.637
515100,2020-09-08,0.636,0.65,0.636,0.649
515100,2020-09-09,0.646,0.648,0.636,0.637
515100,2020-09-10,0.642,0.647,0.627,0.628
515100,2020-09-11,0.628,0.629,0.62,0.628
515100,2020-09-14,0.63,0.63,0.624,0.628
515100,2020-09-15,0.628,0.629,0.622,0.628
515100,2020-09-16,0.626,0.634,0.624,0.63
515100,2020-09-17,0.628,0.632,0.622,0.628
515100,2020-09-18,0.629,0.652,0.629,0.651
515100,2020-09-21,0.652,0.653,0.643,0.644
515100,2020-09-22,0.642,0.642,0.625,0.626
515100,2020-09-23,0.627,0.632,0.624,0.626
515100,2020-09-24,0.626,0.626,0.606,0.606
515100,2020-09-25,0.607,0.611,0.602,0.606
515100,2020-09-28,0.606,0.613,0.606,0.609
515100,2020-09-29,0.613,0.617,0.61,0.612
515100,2020-09-30,0.612,0.612,0.6,0.603
515100,2020-10-09,0.604,0.624,0.604,0.623
515100,2020-10-12,0.623,0.642,0.623,0.641
515100,2020-10-13,0.638,0.639,0.633,0.639
515100,2020-10-14,0.639,0.639,0.631,0.632
515100,2020-10-15,0.633,0.642,0.63,0.636
515100,2020-10-16,0.637,0.678,0.636,0.646
515100,2020-10-19,0.645,0.659,0.58,0.639
515100,2020-10-20,0.635,0.637,0.631,0.637
515100,2020-10-21,0.637,0.639,0.632,0.639
515100,2020-10-22,0.636,0.639,0.634,0.638
515100,2020-10-23,0.639,0.645,0.638,0.639
515100,2020-10-26,0.64,0.64,0.628,0.632
515100,2020-10-27,0.629,0.629,0.623,0.626
515100,2020-10-28,0.625,0.625,0.618,0.625
515100,2020-10-29,0.624,0.627,0.615,0.624
515100,2020-10-30,0.623,0.625,0.611,0.612
515100,2020-11-02,0.611,0.615,0.608,0.609
515100,2020-11-03,0.615,0.626,0.615,0.625
515100,2020-11-04,0.625,0.629,0.621,0.626
515100,2020-11-05,0.631,0.639,0.63,0.638
515100,2020-11-06,0.639,0.648,0.636,0.643
515100,2020-11-09,0.652,0.662,0.652,0.66
515100,2020-11-10,0.666,0.671,0.655,0.658
515100,2020-11-11,0.658,0.675,0.657,0.668
515100,2020-11-12,0.667,0.667,0.659,0.659
515100,2020-11-13,0.654,0.654,0.645,0.651
515100,2020-11-16,0.65,0.671,0.65,0.67
515100,2020-11-17,0.669,0.677,0.669,0.672
515100,2020-11-18,0.673,0.684,0.673,0.677
515100,2020-11-19,0.677,0.682,0.672,0.676
515100,2020-11-20,0.673,0.683,0.671,0.683
515100,2020-11-23,0.685,0.708,0.685,0.702
515100,2020-11-24,0.702,0.702,0.695,0.699
515100,2020-11-25,0.698,0.709,0.69,0.69
515100,2020-11-26,0.692,0.692,0.686,0.692
515100,2020-11-27,0.696,0.703,0.688,0.703
515100,2020-11-30,0.703,0.726,0.697,0.697
515100,2020-12-01,0.697,0.714,0.693,0.711
515100,2020-12-02,0.712,0.721,0.704,0.714
515100,2020-12-03,0.713,0.713,0.701,0.704
515100,2020-12-04,0.703,0.703,0.689,0.696
515100,2020-12-07,0.697,0.697,0.682,0.683
515100,2020-12-08,0.684,0.685,0.677,0.678
515100,2020-12-09,0.683,0.685,0.672,0.672
515100,2020-12-10,0.672,0.675,0.672,0.674
515100,2020-12-11,0.675,0.681,0.657,0.665
515100,2020-12-14,0.657,0.659,0.651,0.659
515100,2020-12-15,0.667,0.667,0.645,0.652
515100,2020-12-16,0.652,0.655,0.646,0.647
515100,2020-12-17,0.648,0.668,0.646,0.667
515100,2020-12-18,0.666,0.682,0.666,0.674
515100,2020-12-21,0.674,0.681,0.67,0.678
515100,2020-12-22,0.673,0.673,0.648,0.65
515100,2020-12-23,0.649,0.656,0.648,0.652
515100,2020-12-24,0.651,0.654,0.641,0.644
515100,2020-12-25,0.644,0.662,0.644,0.66
515100,2020-12-28,0.659,0.66,0.648,0.651
515100,2020-12-29,0.649,0.651,0.643,0.643
515100,2020-12-30,0.643,0.652,0.642,0.648
515100,2020-12-31,0.646,0.656,0.646,0.654
515100,2021-01-04,0.653,0.658,0.647,0.655
515100,2021-01-05,0.651,0.651,0.638,0.647
515100,2021-01-06,0.648,0.656,0.648,0.656
515100,2021-01-07,0.652,0.662,0.649,0.658
515100,2021-01-08,0.658,0.663,0.652,0.662
515100,2021-01-11,0.661,0.661,0.638,0.641
515100,2021-01-12,0.644,0.652,0.643,0.652
515100,2021-01-13,0.652,0.665,0.645,0.662
515100,2021-01-14,0.657,0.675,0.657,0.666
515100,2021-01-15,0.661,0.68,0.661,0.669
515100,2021-01-18,0.661,0.676,0.661,0.675
515100,2021-01-19,0.67,0.683,0.667,0.676
515100,2021-01-20,0.679,0.68,0.669,0.672
515100,2021-01-21,0.672,0.68,0.672,0.676
515100,2021-01-22,0.677,0.677,0.657,0.657
515100,2021-01-25,0.657,0.657,0.646,0.649
515100,2021-01-26,0.648,0.655,0.644,0.645
515100,2021-01-27,0.644,0.658,0.644,0.65
515100,2021-01-28,0.65,0.65,0.633,0.633
515100,2021-01-29,0.635,0.637,0.619,0.625
515100,2021-02-01,0.626,0.632,0.62,0.632
515100,2021-02-02,0.63,0.634,0.624,0.627
515100,2021-02-03,0.628,0.628,0.614,0.62
515100,2021-02-04,0.621,0.621,0.608,0.615
515100,2021-02-05,0.615,0.626,0.615,0.624
515100,2021-02-08,0.618,0.633,0.618,0.629
515100,2021-02-09,0.628,0.639,0.628,0.638
515100,2021-02-10,0.637,0.646,0.637,0.646
515100,2021-02-18,0.646,0.678,0.646,0.677
515100,2021-02-19,0.664,0.701,0.664,0.701
515100,2021-02-22,0.698,0.736,0.698,0.717
515100,2021-02-23,0.718,0.722,0.708,0.71
515100,2021-02-24,0.71,0.714,0.691,0.699
515100,2021-02-25,0.699,0.723,0.699,0.717
515100,2021-02-26,0.717,0.717,0.667,0.692
515100,2021-03-01,0.698,0.708,0.694,0.708
515100,2021-03-02,0.707,0.713,0.692,0.697
515100,2021-03-03,0.706,0.734,0.706,0.734
515100,2021-03-04,0.734,0.744,0.73,0.737
515100,2021-03-05,0.733,0.744,0.713,0.721
515100,2021-03-08,0.722,0.742,0.722,0.725
515100,2021-03-09,0.725,0.74,0.708,0.723
515100,2021-03-10,0.723,0.726,0.71,0.711
515100,2021-03-11,0.718,0.744,0.716,0.744
515100,2021-03-12,0.744,0.765,0.737,0.758
515100,2021-03-15,0.753,0.774,0.753,0.77
515100,2021-03-16,0.769,0.774,0.76,0.774
515100,2021-03-17,0.774,0.774,0.753,0.763
515100,2021-03-18,0.763,0.767,0.76,0.763
515100,2021-03-19,0.761,0.762,0.749,0.755
515100,2021-03-22,0.76,0.773,0.76,0.773
515100,2021-03-23,0.778,0.778,0.747,0.753
515100,2021-03-24,0.755,0.755,0.738,0.744
515100,2021-03-25,0.746,0.748,0.739,0.743
515100,2021-03-26,0.752,0.753,0.747,0.751
515100,2021-03-29,0.754,0.762,0.75,0.761
515100,2021-03-30,0.758,0.758,0.748,0.757
515100,2021-03-31,0.762,0.767,0.755,0.765
515100,2021-04-01,0.768,0.773,0.738,0.772
515100,2021-04-02,0.777,0.777,0.761,0.762
515100,2021-04-06,0.765,0.768,0.762,0.765
515100,2021-04-07,0.776,0.776,0.761,0.775
515100,2021-04-08,0.777,0.778,0.768,0.77
515100,2021-04-09,0.771,0.776,0.767,0.774
515100,2021-04-12,0.776,0.786,0.771,0.786
515100,2021-04-13,0.786,0.788,0.768,0.769
515100,2021-04-14,0.769,0.772,0.765,0.77
515100,2021-04-15,0.772,0.772,0.765,0.768
515100,2021-04-16,0.77,0.783,0.77,0.782
515100,2021-04-19,0.783,0.785,0.779,0.782
515100,2021-04-20,0.782,0.783,0.778,0.78
515100,2021-04-21,0.781,0.781,0.769,0.775
515100,2021-04-22,0.774,0.786,0.774,0.78
515100,2021-04-23,0.78,0.78,0.77,0.776
515100,2021-04-26,0.776,0.782,0.765,0.765
515100,2021-04-27,0.765,0.767,0.757,0.763
515100,2021-04-28,0.763,0.767,0.76,0.767
515100,2021-04-29,0.767,0.775,0.765,0.774
515100,2021-04-30,0.773,0.773,0.756,0.762
515100,2021-05-06,0.76,0.782,0.76,0.778
515100,2021-05-07,0.773,0.795,0.773,0.788
515100,2021-05-10,0.788,0.801,0.788,0.801
515100,2021-05-11,0.801,0.803,0.782,0.8
515100,2021-05-12,0.802,0.806,0.798,0.806
515100,2021-05-13,0.795,0.8,0.788,0.789
515100,2021-05-14,0.795,0.796,0.791,0.794
515100,2021-05-17,0.794,0.795,0.786,0.79
515100,2021-05-18,0.795,0.799,0.791,0.798
515100,2021-05-19,0.798,0.798,0.782,0.783
515100,2021-05-20,0.786,0.786,0.763,0.771
515100,2021-05-21,0.767,0.778,0.767,0.775
515100,2021-05-24,0.775,0.782,0.774,0.774
515100,2021-05-25,0.777,0.791,0.772,0.788
515100,2021-05-26,0.786,0.8,0.786,0.796
515100,2021-05-27,0.795,0.798,0.793,0.798
515100,2021-05-28,0.798,0.806,0.792,0.795
515100,2021-05-31,0.806,0.889,0.791,0.798
515100,2021-06-01,0.794,0.796,0.784,0.796
515100,2021-06-02,0.792,0.797,0.79,0.795
515100,2021-06-03,0.795,0.815,0.795,0.807
515100,2021-06-04,0.802,0.807,0.798,0.803
515100,2021-06-07,0.807,0.807,0.795,0.796
515100,2021-06-08,0.795,0.801,0.795,0.797
515100,2021-06-09,0.797,0.813,0.797,0.81
515100,2021-06-10,0.811,0.822,0.81,0.815
515100,2021-06-11,0.821,0.825,0.818,0.819
515100,2021-06-15,0.819,0.819,0.803,0.808
515100,2021-06-16,0.798,0.81,0.798,0.804
515100,2021-06-17,0.802,0.807,0.801,0.802
515100,2021-06-18,0.798,0.798,0.794,0.797
515100,2021-06-21,0.788,0.797,0.788,0.796
515100,2021-06-22,0.801,0.807,0.801,0.804
515100,2021-06-23,0.807,0.811,0.804,0.811
515100,2021-06-24,0.812,0.824,0.812,0.822
515100,2021-06-25,0.822,0.825,0.817,0.825
515100,2021-06-28,0.825,0.827,0.823,0.824
515100,2021-06-29,0.824,0.824,0.819,0.819
515100,2021-06-30,0.819,0.822,0.818,0.82
515100,2021-07-01,0.819,0.832,0.819,0.824
515100,2021-07-02,0.824,0.825,0.819,0.822
515100,2021-07-05,0.822,0.824,0.818,0.822
515100,2021-07-06,0.822,0.833,0.822,0.833
515100,2021-07-07,0.828,0.828,0.821,0.825
515100,2021-07-08,0.824,0.826,0.812,0.814
515100,2021-07-09,0.814,0.816,0.812,0.816
515100,2021-07-12,0.823,0.823,0.812,0.813
515100,2021-07-13,0.813,0.818,0.81,0.818
515100,2021-07-14,0.816,0.817,0.809,0.81
515100,2021-07-15,0.81,0.814,0.804,0.813
515100,2021-07-16,0.814,0.816,0.812,0.812
515100,2021-07-19,0.812,0.812,0.8,0.805
515100,2021-07-20,0.809,0.809,0.794,0.8
515100,2021-07-21,0.8,0.806,0.797,0.799
515100,2021-07-22,0.799,0.808,0.799,0.807
515100,2021-07-23,0.807,0.81,0.801,0.803
515100,2021-07-26,0.803,0.803,0.774,0.778
515100,2021-07-27,0.782,0.782,0.755,0.756
515100,2021-07-28,0.756,0.756,0.744,0.753
515100,2021-07-29,0.753,0.761,0.749,0.75
515100,2021-07-30,0.756,0.756,0.743,0.753
515100,2021-08-02,0.751,0.765,0.738,0.763
515100,2021-08-03,0.763,0.766,0.76,0.761
515100,2021-08-04,0.761,0.763,0.76,0.761
515100,2021-08-05,0.768,0.77,0.762,0.763
515100,2021-08-06,0.763,0.765,0.758,0.765
515100,2021-08-09,0.768,0.786,0.768,0.783
515100,2021-08-10,0.78,0.788,0.779,0.788
515100,2021-08-11,0.789,0.803,0.789,0.8
515100,2021-08-12,0.8,0.8,0.796,0.797
515100,2021-08-13,0.797,0.797,0.791,0.794
515100,2021-08-16,0.801,0.818,0.801,0.806
515100,2021-08-17,0.806,0.812,0.791,0.792
515100,2021-08-18,0.795,0.808,0.793,0.808
515100,2021-08-19,0.804,0.804,0.793,0.795
515100,2021-08-20,0.795,0.798,0.789,0.797
515100,2021-08-23,0.801,0.805,0.801,0.802
515100,2021-08-24,0.803,0.813,0.803,0.811
515100,2021-08-25,0.809,0.818,0.809,0.817
515100,2021-08-26,0.817,0.821,0.815,0.817
515100,2021-08-27,0.817,0.819,0.813,0.819
515100,2021-08-30,0.821,0.821,0.814,0.818
515100,2021-08-31,0.818,0.836,0.818,0.836
515100,2021-09-01,0.836,0.857,0.836,0.853
515100,2021-09-02,0.854,0.872,0.851,0.872
515100,2021-09-03,0.872,0.89,0.872,0.882
515100,2021-09-06,0.89,0.9,0.89,0.899
515100,2021-09-07,0.898,0.919,0.898,0.919
515100,2021-09-08,0.914,0.939,0.914,0.938
515100,2021-09-09,0.938,0.967,0.938,0.964
515100,2021-09-10,0.966,0.979,0.947,0.949
515100,2021-09-13,0.946,0.975,0.944,0.975
515100,2021-09-14,0.975,0.975,0.936,0.939
515100,2021-09-15,0.939,0.95,0.934,0.943
515100,2021-09-16,0.948,0.957,0.925,0.927
515100,2021-09-17,0.926,0.937,0.911,0.925
515100,2021-09-22,0.898,0.95,0.898,0.95
515100,2021-09-23,0.962,0.986,0.962,0.974
515100,2021-09-24,0.972,0.973,0.945,0.947
515100,2021-09-27,0.95,0.95,0.904,0.908
515100,2021-09-28,0.908,0.944,0.908,0.941
515100,2021-09-29,0.943,0.943,0.91,0.917
515100,2021-09-30,0.912,0.922,0.902,0.919
515100,2021-10-08,0.918,0.934,0.918,0.932
515100,2021-10-11,0.932,0.939,0.922,0.927
515100,2021-10-12,0.926,0.926,0.899,0.905
515100,2021-10-13,0.904,0.904,0.878,0.891
515100,2021-10-14,0.891,0.891,0.884,0.884
515100,2021-10-15,0.882,0.884,0.875,0.876
515100,2021-10-18,0.876,0.886,0.872,0.886
515100,2021-10-19,0.886,0.893,0.881,0.892
515100,2021-10-20,0.889,0.89,0.883,0.885
515100,2021-10-21,0.885,0.895,0.885,0.889
515100,2021-10-22,0.89,0.897,0.877,0.878
515100,2021-10-25,0.878,0.878,0.865,0.874
515100,2021-10-26,0.873,0.877,0.865,0.867
515100,2021-10-27,0.867,0.867,0.848,0.851
515100,2021-10-28,0.849,0.849,0.835,0.838
515100,2021-10-29,0.838,0.844,0.828,0.842
515100,2021-11-01,0.842,0.852,0.838,0.85
515100,2021-11-02,0.85,0.85,0.817,0.825
515100,2021-11-03,0.827,0.836,0.827,0.836
515100,2021-11-04,0.836,0.839,0.83,0.839
515100,2021-11-05,0.836,0.836,0.824,0.825
515100,2021-11-08,0.821,0.825,0.819,0.823
515100,2021-11-09,0.826,0.827,0.822,0.825
515100,2021-11-10,0.825,0.825,0.806,0.823
515100,2021-11-11,0.83,0.85,0.83,0.849
515100,2021-11-12,0.85,0.85,0.842,0.849
515100,2021-11-15,0.849,0.856,0.847,0.856
515100,2021-11-16,0.856,0.858,0.846,0.846
515100,2021-11-17,0.849,0.849,0.843,0.847
515100,2021-11-18,0.844,0.847,0.84,0.84
515100,2021-11-19,0.84,0.856,0.84,0.856
515100,2021-11-22,0.852,0.853,0.847,0.851
515100,2021-11-23,0.85,0.857,0.85,0.855
515100,2021-11-24,0.855,0.861,0.853,0.861
515100,2021-11-25,0.861,0.866,0.861,0.865
515100,2021-11-26,0.865,0.865,0.854,0.857
515100,2021-11-29,0.852,0.853,0.847,0.851
515100,2021-11-30,0.851,0.86,0.849,0.853
515100,2021-12-01,0.854,0.868,0.851,0.868
515100,2021-12-02,0.868,0.88,0.867,0.877
515100,2021-12-03,0.878,0.89,0.875,0.889
515100,2021-12-06,0.889,0.902,0.885,0.885
515100,2021-12-07,0.885,0.902,0.885,0.902
515100,2021-12-08,0.901,0.906,0.892,0.905
515100,2021-12-09,0.907,0.918,0.907,0.916
515100,2021-12-10,0.911,0.919,0.904,0.907
515100,2021-12-13,0.908,0.914,0.903,0.904
515100,2021-12-14,0.904,0.904,0.896,0.901
515100,2021-12-15,0.9,0.907,0.899,0.902
515100,2021-12-16,0.902,0.915,0.9,0.915
515100,2021-12-17,0.912,0.918,0.912,0.914
515100,2021-12-20,0.924,0.928,0.92,0.922
515100,2021-12-21,0.923,0.953,0.922,0.952
515100,2021-12-22,0.947,0.949,0.931,0.942
515100,2021-12-23,0.94,0.942,0.933,0.936
515100,2021-12-24,0.936,0.936,0.927,0.934
515100,2021-12-27,0.934,0.948,0.934,0.947
515100,2021-12-28,0.946,0.946,0.936,0.941
515100,2021-12-29,0.939,0.943,0.938,0.939
515100,2021-12-30,0.943,0.95,0.943,0.95
515100,2021-12-31,0.95,0.971,0.95,0.97
515100,2022-01-04,0.973,1.004,0.973,1.003
515100,2022-01-05,1.004,1.004,0.987,0.993
515100,2022-01-06,0.983,1.012,0.983,1.012
515100,2022-01-07,1.012,1.031,1.006,1.018
515100,2022-01-10,1.018,1.03,1.014,1.027
515100,2022-01-11,1.029,1.043,1.025,1.035
515100,2022-01-12,1.035,1.039,1.009,1.022
515100,2022-01-13,1.022,1.031,1.01,1.01
515100,2022-01-14,1.015,1.023,0.989,0.991
515100,2022-01-17,0.991,1.017,0.979,1.003
515100,2022-01-18,1.002,1.015,0.994,1.009
515100,2022-01-19,1.009,1.023,1.004,1.022
515100,2022-01-20,1.028,1.029,1.014,1.016
515100,2022-01-21,1.014,1.021,0.993,0.994
515100,2022-01-24,0.995,0.997,0.976,0.987
515100,2022-01-25,0.988,0.988,0.94,0.941
515100,2022-01-26,0.941,0.954,0.941,0.951
515100,2022-01-27,0.951,0.951,0.931,0.932
515100,2022-01-28,0.935,0.942,0.927,0.931
515100,2022-02-07,0.945,0.969,0.938,0.969
515100,2022-02-08,0.971,0.999,0.962,0.999
515100,2022-02-09,0.998,1.016,0.998,1.014
515100,2022-02-10,1.013,1.029,1.006,1.025
515100,2022-02-11,1.02,1.034,1.013,1.013
515100,2022-02-14,1.001,1.013,0.99,0.993
515100,2022-02-15,0.982,0.999,0.981,0.989
515100,2022-02-16,0.994,1.002,0.99,0.999
515100,2022-02-17,0.993,0.998,0.984,0.986
515100,2022-02-18,0.973,1.015,0.973,1.014
515100,2022-02-21,1.015,1.02,1.002,1.02
515100,2022-02-22,1.008,1.01,0.992,0.997
515100,2022-02-23,0.992,1.011,0.984,0.994
515100,2022-02-24,0.98,0.989,0.952,0.965
515100,2022-02-25,0.978,1.01,0.962,0.963
515100,2022-02-28,0.958,0.963,0.949,0.96
515100,2022-03-01,0.955,0.973,0.955,0.973
515100,2022-03-02,0.96,0.985,0.96,0.985
515100,2022-03-03,0.987,1.005,0.987,1.004
515100,2022-03-04,1.002,1.002,0.986,0.994
515100,2022-03-07,0.994,1.0,0.981,0.986
515100,2022-03-08,0.994,0.994,0.942,0.942
515100,2022-03-09,0.942,0.948,0.876,0.919
515100,2022-03-10,0.924,0.956,0.919,0.944
515100,2022-03-11,0.938,0.959,0.919,0.958
515100,2022-03-14,0.943,0.969,0.924,0.943
515100,2022-03-15,0.929,0.943,0.872,0.872
515100,2022-03-16,0.874,0.914,0.852,0.912
515100,2022-03-17,0.92,0.941,0.92,0.925
515100,2022-03-18,0.911,0.963,0.908,0.957
515100,2022-03-21,0.962,0.971,0.952,0.963
515100,2022-03-22,0.951,0.99,0.934,0.983
515100,2022-03-23,0.98,0.984,0.952,0.982
515100,2022-03-24,0.977,0.988,0.971,0.98
515100,2022-03-25,0.974,0.997,0.973,0.982
515100,2022-03-28,0.982,1.002,0.967,1.0
515100,2022-03-29,1.0,1.0,0.989,0.996
515100,2022-03-30,0.999,1.028,0.997,1.028
515100,2022-03-31,1.033,1.06,1.03,1.035
515100,2022-04-01,1.035,1.055,1.026,1.054
515100,2022-04-06,1.055,1.09,1.055,1.084
515100,2022-04-07,1.083,1.083,1.042,1.042
515100,2022-04-08,1.036,1.058,1.025,1.054
515100,2022-04-11,1.05,1.052,1.02,1.026
515100,2022-04-12,1.021,1.045,1.014,1.042
515100,2022-04-13,1.047,1.047,1.02,1.023
515100,2022-04-14,1.024,1.045,1.024,1.038
515100,2022-04-15,1.037,1.052,1.028,1.035
515100,2022-04-18,1.027,1.036,1.016,1.02
515100,2022-04-19,1.02,1.035,1.011,1.032
515100,2022-04-20,1.03,1.034,1.001,1.004
515100,2022-04-21,1.003,1.01,0.97,0.973
515100,2022-04-22,0.963,0.993,0.963,0.985
515100,2022-04-25,0.973,1.0,0.924,0.925
515100,2022-04-26,0.933,0.943,0.903,0.908
515100,2022-04-27,0.908,0.919,0.878,0.919
515100,2022-04-28,0.923,0.932,0.904,0.929
515100,2022-04-29,0.93,0.966,0.93,0.964
515100,2022-05-05,0.963,0.979,0.963,0.978
515100,2022-05-06,0.941,0.978,0.94,0.943
515100,2022-05-09,0.941,0.965,0.941,0.963
515100,2022-05-10,0.959,0.987,0.942,0.987
515100,2022-05-11,0.982,0.995,0.975,0.976
515100,2022-05-12,0.977,0.984,0.961,0.972
515100,2022-05-13,0.964,0.992,0.964,0.992
515100,2022-05-16,0.992,1.008,0.985,0.995
515100,2022-05-17,0.995,0.995,0.965,0.976
515100,2022-05-18,0.975,0.977,0.966,0.968
515100,2022-05-19,0.955,0.979,0.953,0.978
515100,2022-05-20,0.979,0.985,0.975,0.983
515100,2022-05-23,0.985,0.985,0.974,0.978
515100,2022-05-24,0.977,0.978,0.94,0.941
515100,2022-05-25,0.941,0.967,0.939,0.967
515100,2022-05-26,0.967,0.983,0.966,0.983
515100,2022-05-27,0.984,0.987,0.977,0.985
515100,2022-05-30,0.985,0.991,0.976,0.983
515100,2022-05-31,0.984,0.988,0.978,0.986
515100,2022-06-01,0.981,0.986,0.973,0.983
515100,2022-06-02,0.977,0.977,0.968,0.974
515100,2022-06-06,0.969,0.977,0.959,0.976
515100,2022-06-07,0.976,0.977,0.954,0.977
515100,2022-06-08,0.977,0.977,0.962,0.975
515100,2022-06-09,0.974,0.984,0.966,0.975
515100,2022-06-10,0.969,0.987,0.965,0.986
515100,2022-06-13,0.986,0.986,0.957,0.973
515100,2022-06-14,0.963,0.984,0.945,0.984
515100,2022-06-15,0.983,1.021,0.976,1.001
515100,2022-06-16,1.003,1.003,0.981,0.982
515100,2022-06-17,0.982,0.985,0.967,0.984
515100,2022-06-20,0.983,0.988,0.98,0.985
515100,2022-06-21,0.985,0.993,0.958,0.988
515100,2022-06-22,0.984,0.989,0.973,0.974
515100,2022-06-23,0.972,0.989,0.968,0.989
515100,2022-06-24,0.989,0.996,0.985,0.994
515100,2022-06-27,0.994,0.998,0.991,0.994
515100,2022-06-28,0.988,1.008,0.988,1.007
515100,2022-06-29,1.002,1.009,0.994,0.995
515100,2022-06-30,0.991,1.004,0.989,1.003
515100,2022-07-01,0.996,1.002,0.995,0.998
515100,2022-07-04,0.995,0.999,0.993,0.999
515100,2022-07-05,0.998,1.005,0.986,0.995
515100,2022-07-06,0.992,0.992,0.968,0.976
515100,2022-07-07,0.969,0.983,0.969,0.978
515100,2022-07-08,0.972,0.987,0.972,0.981
515100,2022-07-11,0.978,0.983,0.976,0.983
515100,2022-07-12,0.973,0.993,0.973,0.988
515100,2022-07-13,0.983,0.993,0.983,0.989
515100,2022-07-14,0.987,0.987,0.97,0.973
515100,2022-07-15,0.97,0.971,0.941,0.944
515100,2022-07-18,0.943,0.97,0.943,0.968
515100,2022-07-19,0.973,0.978,0.97,0.977
515100,2022-07-20,0.979,0.984,0.979,0.982
515100,2022-07-21,0.969,0.983,0.924,0.971
515100,2022-07-22,0.969,0.978,0.962,0.971
515100,2022-07-25,0.972,0.978,0.962,0.966
515100,2022-07-26,0.964,0.976,0.962,0.975
515100,2022-07-27,0.97,0.977,0.97,0.974
515100,2022-07-28,0.974,0.984,0.974,0.977
515100,2022-07-29,0.978,0.982,0.971,0.973
515100,2022-08-01,0.969,0.973,0.964,0.971
515100,2022-08-02,0.969,0.969,0.92,0.932
515100,2022-08-03,0.938,0.948,0.921,0.923
515100,2022-08-04,0.921,0.948,0.917,0.93
515100,2022-08-05,0.93,0.943,0.924,0.943
515100,2022-08-08,0.943,0.95,0.938,0.946
515100,2022-08-09,0.944,0.945,0.941,0.943
515100,2022-08-10,0.929,0.945,0.922,0.944
515100,2022-08-11,0.944,0.967,0.944,0.967
515100,2022-08-12,0.964,0.974,0.963,0.971
515100,2022-08-15,0.968,0.973,0.964,0.966
515100,2022-08-16,0.97,0.973,0.968,0.969
515100,2022-08-17,0.97,0.98,0.967,0.979
515100,2022-08-18,0.979,0.979,0.968,0.971
515100,2022-08-19,0.97,0.977,0.969,0.969
515100,2022-08-22,0.966,0.976,0.956,0.975
515100,2022-08-23,0.974,0.979,0.97,0.977
515100,2022-08-24,0.977,0.982,0.959,0.959
515100,2022-08-25,0.966,0.978,0.962,0.978
515100,2022-08-26,0.974,0.983,0.971,0.978
515100,2022-08-29,0.977,0.98,0.963,0.98
515100,2022-08-30,0.979,0.991,0.979,0.988
515100,2022-08-31,0.988,0.989,0.977,0.98
515100,2022-09-01,0.978,0.99,0.978,0.981
515100,2022-09-02,0.982,0.988,0.982,0.986
515100,2022-09-05,1.0,1.0,0.971,0.996
515100,2022-09-06,0.996,1.006,0.996,1.005
515100,2022-09-07,1.003,1.003,0.997,1.002
515100,2022-09-08,1.001,1.007,0.999,1.002
515100,2022-09-09,1.007,1.014,1.004,1.011
515100,2022-09-13,1.011,1.016,1.007,1.007
515100,2022-09-14,1.003,1.003,0.991,0.995
515100,2022-09-15,0.99,1.006,0.984,0.995
515100,2022-09-16,0.999,1.0,0.957,0.958
515100,2022-09-19,0.955,0.956,0.944,0.95
515100,2022-09-20,0.954,0.96,0.948,0.951
515100,2022-09-21,0.95,0.963,0.937,0.959
515100,2022-09-22,0.958,0.958,0.938,0.949
515100,2022-09-23,0.949,0.959,0.94,0.945
515100,2022-09-26,0.945,0.948,0.918,0.919
515100,2022-09-27,0.915,0.936,0.908,0.935
515100,2022-09-28,0.922,0.935,0.908,0.925
515100,2022-09-29,0.924,0.939,0.908,0.913
515100,2022-09-30,0.915,0.923,0.911,0.915
515100,2022-10-10,0.914,0.93,0.911,0.912
515100,2022-10-11,0.911,0.92,0.905,0.918
515100,2022-10-12,0.918,0.934,0.906,0.934
515100,2022-10-13,0.925,0.937,0.923,0.933
515100,2022-10-14,0.935,0.951,0.934,0.948
515100,2022-10-17,0.941,0.954,0.937,0.952
515100,2022-10-18,0.957,0.957,0.949,0.951
515100,2022-10-19,0.946,0.948,0.937,0.939
515100,2022-10-20,0.934,0.948,0.931,0.935
515100,2022-10-21,0.935,0.94,0.928,0.934
515100,2022-10-24,0.938,0.942,0.9,0.905
515100,2022-10-25,0.9,0.912,0.858,0.901
515100,2022-10-26,0.903,0.918,0.903,0.906
515100,2022-10-27,0.911,0.918,0.909,0.913
515100,2022-10-28,0.918,0.918,0.879,0.885
515100,2022-10-31,0.888,0.888,0.865,0.874
515100,2022-11-01,0.88,0.897,0.874,0.896
515100,2022-11-02,0.889,0.905,0.889,0.901
515100,2022-11-03,0.887,0.897,0.887,0.895
515100,2022-11-04,0.9,0.918,0.899,0.918
515100,2022-11-07,0.915,0.924,0.904,0.924
515100,2022-11-08,0.927,0.927,0.91,0.92
515100,2022-11-09,0.92,0.932,0.92,0.921
515100,2022-11-10,0.917,0.927,0.894,0.925
515100,2022-11-11,0.935,0.958,0.935,0.945
515100,2022-11-14,0.942,0.965,0.936,0.953
515100,2022-11-15,0.967,1.103,0.92,0.967
515100,2022-11-16,0.954,0.968,0.954,0.961
515100,2022-11-17,0.956,0.969,0.956,0.968
515100,2022-11-18,0.963,0.971,0.962,0.963
515100,2022-11-21,0.958,0.96,0.946,0.952
515100,2022-11-22,0.949,0.973,0.949,0.963
515100,2022-11-23,0.967,0.976,0.965,0.967
515100,2022-11-24,0.977,0.983,0.966,0.969
515100,2022-11-25,0.971,0.99,0.97,0.988
515100,2022-11-28,0.984,0.985,0.961,0.984
515100,2022-11-29,0.976,1.02,0.976,1.016
515100,2022-11-30,1.016,1.025,1.002,1.016
515100,2022-12-01,1.018,1.03,1.012,1.012
515100,2022-12-02,1.013,1.016,1.007,1.013
515100,2022-12-05,1.014,1.058,1.014,1.053
515100,2022-12-06,1.046,1.058,1.042,1.046
515100,2022-12-07,1.047,1.057,1.037,1.048
515100,2022-12-08,1.045,1.052,1.042,1.047
515100,2022-12-09,1.05,1.052,1.036,1.046
515100,2022-12-12,1.043,1.043,1.017,1.018
515100,2022-12-13,1.018,1.033,1.018,1.029
515100,2022-12-14,1.042,1.042,1.019,1.023
515100,2022-12-15,1.018,1.028,1.008,1.01
515100,2022-12-16,1.01,1.03,1.006,1.023
515100,2022-12-19,1.032,1.032,0.989,0.996
515100,2022-12-20,0.997,0.999,0.978,0.981
515100,2022-12-21,0.974,0.995,0.974,0.985
515100,2022-12-22,0.989,1.001,0.973,0.978
515100,2022-12-23,0.975,0.988,0.97,0.975
515100,2022-12-26,0.975,0.975,0.964,0.967
515100,2022-12-27,0.964,0.986,0.964,0.982
515100,2022-12-28,0.982,0.987,0.977,0.982
515100,2022-12-29,0.977,0.977,0.963,0.969
515100,2022-12-30,0.979,0.989,0.971,0.982
515100,2023-01-03,0.981,0.989,0.908,0.987
515100,2023-01-04,0.987,1.003,0.987,1.001
515100,2023-01-05,1.004,1.008,1.001,1.004
515100,2023-01-06,1.004,1.004,0.995,0.999
515100,2023-01-09,1.0,1.006,0.998,0.999
515100,2023-01-10,0.998,1.0,0.99,0.991
515100,2023-01-11,0.991,0.998,0.991,0.993
515100,2023-01-12,0.992,0.993,0.984,0.989
515100,2023-01-13,0.996,1.011,0.993,1.011
515100,2023-01-16,1.011,1.032,1.0,1.024
515100,2023-01-17,1.019,1.024,1.013,1.023
515100,2023-01-18,1.023,1.028,1.022,1.026
515100,2023-01-19,1.028,1.033,1.017,1.033
515100,2023-01-20,1.037,1.046,1.034,1.046
515100,2023-01-30,1.048,1.078,1.045,1.047
515100,2023-01-31,1.047,1.051,1.04,1.043
515100,2023-02-01,1.048,1.057,1.042,1.054
515100,2023-02-02,1.052,1.054,1.047,1.052
515100,2023-02-03,1.052,1.052,1.032,1.041
515100,2023-02-06,1.041,1.041,1.025,1.031
515100,2023-02-07,1.04,1.04,1.032,1.039
515100,2023-02-08,1.043,1.043,1.031,1.033
515100,2023-02-09,1.033,1.047,1.033,1.045
515100,2023-02-10,1.047,1.049,1.041,1.047
515100,2023-02-13,1.047,1.061,1.044,1.06
515100,2023-02-14,1.062,1.074,1.062,1.072
515100,2023-02-15,1.083,1.083,1.066,1.07
515100,2023-02-16,1.074,1.086,1.054,1.059
515100,2023-02-17,1.062,1.067,1.053,1.058
515100,2023-02-20,1.052,1.089,1.052,1.088
515100,2023-02-21,1.088,1.103,1.08,1.102
515100,2023-02-22,1.1,1.105,1.094,1.101
515100,2023-02-23,1.101,1.113,1.097,1.104
515100,2023-02-24,1.104,1.111,1.09,1.1
515100,2023-02-27,1.099,1.099,1.086,1.089
515100,2023-02-28,1.091,1.099,1.086,1.099
515100,2023-03-01,1.098,1.114,1.098,1.114
515100,2023-03-02,1.114,1.126,1.112,1.124
515100,2023-03-03,1.127,1.138,1.123,1.138
515100,2023-03-06,1.139,1.15,1.13,1.133
515100,2023-03-07,1.138,1.149,1.118,1.119
515100,2023-03-08,1.116,1.12,1.106,1.119
515100,2023-03-09,1.118,1.122,1.109,1.112
515100,2023-03-10,1.103,1.11,1.084,1.086
515100,2023-03-13,1.084,1.104,1.084,1.103
515100,2023-03-14,1.102,1.106,1.086,1.096
515100,2023-03-15,1.097,1.119,1.097,1.116
515100,2023-03-16,1.104,1.122,1.104,1.111
515100,2023-03-17,1.111,1.137,1.111,1.128
515100,2023-03-20,1.128,1.146,1.123,1.125
515100,2023-03-21,1.119,1.133,1.116,1.123
515100,2023-03-22,1.122,1.139,1.12,1.135
515100,2023-03-23,1.134,1.143,1.127,1.143
515100,2023-03-24,1.146,1.147,1.13,1.135
515100,2023-03-27,1.133,1.133,1.107,1.116
515100,2023-03-28,1.117,1.123,1.111,1.118
515100,2023-03-29,1.12,1.122,1.104,1.11
515100,2023-03-30,1.109,1.118,1.097,1.111
515100,2023-03-31,1.112,1.123,1.112,1.119
515100,2023-04-03,1.122,1.133,1.12,1.131
515100,2023-04-04,1.131,1.144,1.129,1.14
515100,2023-04-06,1.13,1.142,1.13,1.139
515100,2023-04-07,1.139,1.139,1.134,1.138
515100,2023-04-10,1.137,1.143,1.136,1.136
515100,2023-04-11,1.135,1.147,1.135,1.147
515100,2023-04-12,1.147,1.172,1.147,1.171
515100,2023-04-13,1.171,1.175,1.166,1.171
515100,2023-04-14,1.169,1.175,1.155,1.165
515100,2023-04-17,1.16,1.186,1.16,1.183
515100,2023-04-18,1.183,1.194,1.18,1.193
515100,2023-04-19,1.197,1.202,1.189,1.193
515100,2023-04-20,1.187,1.209,1.186,1.209
515100,2023-04-21,1.208,1.219,1.184,1.186
515100,2023-04-24,1.19,1.2,1.184,1.197
515100,2023-04-25,1.198,1.204,1.176,1.201
515100,2023-04-26,1.201,1.201,1.171,1.19
515100,2023-04-27,1.191,1.207,1.186,1.202
515100,2023-04-28,1.21,1.233,1.198,1.233
515100,2023-05-04,1.233,1.277,1.222,1.277
515100,2023-05-05,1.273,1.298,1.264,1.279
515100,2023-05-08,1.278,1.324,1.275,1.319
515100,2023-05-09,1.319,1.339,1.296,1.298
515100,2023-05-10,1.289,1.297,1.248,1.259
515100,2023-05-11,1.254,1.274,1.254,1.265
515100,2023-05-12,1.267,1.275,1.248,1.25
515100,2023-05-15,1.243,1.252,1.206,1.248
515100,2023-05-16,1.252,1.255,1.23,1.235
515100,2023-05-17,1.236,1.239,1.22,1.229
515100,2023-05-18,1.229,1.255,1.229,1.245
515100,2023-05-19,1.243,1.243,1.208,1.211
515100,2023-05-22,1.212,1.225,1.207,1.215
515100,2023-05-23,1.214,1.216,1.186,1.188
515100,2023-05-24,1.183,1.188,1.162,1.165
515100,2023-05-25,1.165,1.169,1.147,1.163
515100,2023-05-26,1.165,1.184,1.158,1.182
515100,2023-05-29,1.181,1.204,1.176,1.197
515100,2023-05-30,1.2,1.203,1.181,1.199
515100,2023-05-31,1.196,1.2,1.186,1.194
515100,2023-06-01,1.191,1.209,1.184,1.193
515100,2023-06-02,1.198,1.204,1.192,1.198
515100,2023-06-05,1.206,1.212,1.195,1.21
515100,2023-06-06,1.208,1.219,1.188,1.191
515100,2023-06-07,1.185,1.211,1.185,1.21
515100,2023-06-08,1.208,1.228,1.198,1.224
515100,2023-06-09,1.231,1.233,1.219,1.228
515100,2023-06-12,1.228,1.228,1.211,1.212
515100,2023-06-13,1.213,1.214,1.196,1.203
515100,2023-06-14,1.201,1.212,1.191,1.193
515100,2023-06-15,1.194,1.199,1.188,1.196
515100,2023-06-16,1.201,1.202,1.191,1.192
515100,2023-06-19,1.192,1.192,1.174,1.176
515100,2023-06-20,1.176,1.176,1.163,1.166
515100,2023-06-21,1.161,1.17,1.155,1.158
515100,2023-06-26,1.148,1.149,1.129,1.132
515100,2023-06-27,1.13,1.163,1.13,1.16
515100,2023-06-28,1.163,1.165,1.15,1.164
515100,2023-06-29,1.158,1.17,1.158,1.17
515100,2023-06-30,1.169,1.177,1.165,1.176
515100,2023-07-03,1.174,1.196,1.174,1.193
515100,2023-07-04,1.198,1.198,1.178,1.182
515100,2023-07-05,1.182,1.188,1.178,1.181
515100,2023-07-06,1.178,1.184,1.17,1.173
515100,2023-07-07,1.168,1.186,1.168,1.184
515100,2023-07-10,1.18,1.19,1.18,1.189
515100,2023-07-11,1.192,1.195,1.184,1.194
515100,2023-07-12,1.194,1.197,1.179,1.18
515100,2023-07-13,1.186,1.202,1.186,1.201
515100,2023-07-14,1.203,1.211,1.199,1.207
515100,2023-07-17,1.206,1.206,1.194,1.203
515100,2023-07-18,1.204,1.209,1.198,1.206
515100,2023-07-19,1.2,1.222,1.199,1.221
515100,2023-07-20,1.218,1.222,1.207,1.209
515100,2023-07-21,1.209,1.218,1.208,1.217
515100,2023-07-24,1.218,1.222,1.209,1.218
515100,2023-07-25,1.225,1.251,1.225,1.248
515100,2023-07-26,1.247,1.25,1.242,1.25
515100,2023-07-27,1.25,1.269,1.248,1.257
515100,2023-07-28,1.254,1.298,1.249,1.296
515100,2023-07-31,1.296,1.318,1.295,1.313
515100,2023-08-01,1.311,1.321,1.303,1.312
515100,2023-08-02,1.311,1.313,1.297,1.303
515100,2023-08-03,1.301,1.314,1.292,1.313
515100,2023-08-04,1.319,1.333,1.312,1.313
515100,2023-08-07,1.309,1.31,1.289,1.295
515100,2023-08-08,1.296,1.298,1.283,1.291
515100,2023-08-09,1.29,1.292,1.284,1.289
515100,2023-08-10,1.293,1.294,1.282,1.292
515100,2023-08-11,1.293,1.295,1.263,1.265
515100,2023-08-14,1.258,1.263,1.24,1.261
515100,2023-08-15,1.262,1.275,1.257,1.274
515100,2023-08-16,1.268,1.283,1.26,1.275
515100,2023-08-17,1.264,1.275,1.26,1.275
515100,2023-08-18,1.273,1.288,1.265,1.267
515100,2023-08-21,1.266,1.273,1.245,1.249
515100,2023-08-22,1.247,1.262,1.24,1.255
515100,2023-08-23,1.255,1.264,1.246,1.247
515100,2023-08-24,1.249,1.255,1.233,1.238
515100,2023-08-25,1.234,1.257,1.231,1.242
515100,2023-08-28,1.387,1.387,1.265,1.27
515100,2023-08-29,1.268,1.272,1.248,1.264
515100,2023-08-30,1.265,1.265,1.236,1.242
515100,2023-08-31,1.24,1.252,1.229,1.233
515100,2023-09-01,1.237,1.251,1.234,1.25
515100,2023-09-04,1.248,1.281,1.248,1.28
515100,2023-09-05,1.279,1.279,1.259,1.264
515100,2023-09-06,1.263,1.263,1.247,1.254
515100,2023-09-07,1.251,1.256,1.239,1.241
515100,2023-09-08,1.241,1.241,1.223,1.229
515100,2023-09-11,1.23,1.245,1.228,1.244
515100,2023-09-12,1.244,1.244,1.237,1.24
515100,2023-09-13,1.24,1.249,1.23,1.235
515100,2023-09-14,1.238,1.25,1.233,1.25
515100,2023-09-15,1.254,1.259,1.241,1.248
515100,2023-09-18,1.247,1.248,1.235,1.247
515100,2023-09-19,1.247,1.262,1.245,1.259
515100,2023-09-20,1.258,1.264,1.25,1.26
515100,2023-09-21,1.255,1.259,1.242,1.244
515100,2023-09-22,1.244,1.255,1.238,1.253
515100,2023-09-25,1.253,1.258,1.246,1.253
515100,2023-09-26,1.248,1.253,1.238,1.239
515100,2023-09-27,1.235,1.244,1.231,1.234
515100,2023-09-28,1.231,1.24,1.231,1.239
515100,2023-10-09,1.237,1.237,1.217,1.23
515100,2023-10-10,1.229,1.235,1.211,1.213
515100,2023-10-11,1.216,1.219,1.205,1.205
515100,2023-10-12,1.211,1.233,1.211,1.231
515100,2023-10-13,1.222,1.23,1.219,1.223
515100,2023-10-16,1.226,1.23,1.217,1.23
515100,2023-10-17,1.228,1.236,1.223,1.233
515100,2023-10-18,1.232,1.232,1.214,1.215
515100,2023-10-19,1.214,1.214,1.188,1.19
515100,2023-10-20,1.183,1.194,1.179,1.183
515100,2023-10-23,1.186,1.186,1.146,1.152
515100,2023-10-24,1.152,1.164,1.147,1.164
515100,2023-10-25,1.175,1.189,1.166,1.187
515100,2023-10-26,1.182,1.196,1.177,1.194
515100,2023-10-27,1.191,1.212,1.188,1.206
515100,2023-10-30,1.206,1.207,1.192,1.197
515100,2023-10-31,1.197,1.2,1.187,1.199
515100,2023-11-01,1.204,1.205,1.192,1.2
515100,2023-11-02,1.2,1.207,1.196,1.197
515100,2023-11-03,1.198,1.203,1.19,1.191
515100,2023-11-06,1.192,1.198,1.186,1.198
515100,2023-11-07,1.196,1.198,1.183,1.195
515100,2023-11-08,1.19,1.19,1.179,1.184
515100,2023-11-09,1.182,1.192,1.18,1.191
515100,2023-11-10,1.187,1.189,1.178,1.187
515100,2023-11-13,1.187,1.19,1.175,1.189
515100,2023-11-14,1.188,1.197,1.188,1.195
515100,2023-11-15,1.199,1.206,1.199,1.205
515100,2023-11-16,1.205,1.211,1.2,1.206
515100,2023-11-17,1.205,1.205,1.198,1.202
515100,2023-11-20,1.203,1.212,1.2,1.208
515100,2023-11-21,1.21,1.223,1.209,1.212
515100,2023-11-22,1.21,1.216,1.207,1.207
515100,2023-11-23,1.208,1.222,1.205,1.218
515100,2023-11-24,1.217,1.235,1.215,1.234
515100,2023-11-27,1.232,1.232,1.213,1.215
515100,2023-11-28,1.217,1.222,1.207,1.222
515100,2023-11-29,1.22,1.223,1.208,1.212
515100,2023-11-30,1.212,1.214,1.204,1.212
515100,2023-12-01,1.211,1.22,1.21,1.22
515100,2023-12-04,1.221,1.222,1.215,1.218
515100,2023-12-05,1.217,1.219,1.201,1.204
515100,2023-12-06,1.206,1.21,1.194,1.204
515100,2023-12-07,1.201,1.203,1.189,1.198
515100,2023-12-08,1.194,1.202,1.193,1.198
515100,2023-12-11,1.191,1.208,1.17,1.204
515100,2023-12-12,1.201,1.212,1.194,1.211
515100,2023-12-13,1.208,1.213,1.202,1.205
515100,2023-12-14,1.208,1.208,1.197,1.197
515100,2023-12-15,1.199,1.202,1.185,1.188
515100,2023-12-18,1.183,1.192,1.176,1.176
515100,2023-12-19,1.175,1.178,1.168,1.173
515100,2023-12-20,1.174,1.186,1.168,1.17
515100,2023-12-21,1.168,1.17,1.153,1.168
515100,2023-12-22,1.163,1.17,1.16,1.164
515100,2023-12-25,1.163,1.163,1.154,1.161
515100,2023-12-26,1.161,1.167,1.158,1.158
515100,2023-12-27,1.158,1.165,1.153,1.165
515100,2023-12-28,1.164,1.171,1.161,1.17
515100,2023-12-29,1.169,1.174,1.166,1.171
515100,2024-01-02,1.17,1.187,1.169,1.182
515100,2024-01-03,1.177,1.195,1.177,1.193
515100,2024-01-04,1.196,1.197,1.188,1.194
515100,2024-01-05,1.194,1.212,1.191,1.195
515100,2024-01-08,1.193,1.193,1.177,1.177
515100,2024-01-09,1.177,1.19,1.17,1.187
515100,2024-01-10,1.185,1.187,1.18,1.18
515100,2024-01-11,1.177,1.186,1.176,1.181
515100,2024-01-12,1.18,1.193,1.179,1.187
515100,2024-01-15,1.186,1.194,1.181,1.19
515100,2024-01-16,1.19,1.196,1.181,1.194
515100,2024-01-17,1.193,1.197,1.178,1.178
515100,2024-01-18,1.176,1.176,1.135,1.165
515100,2024-01-19,1.161,1.167,1.155,1.158
515100,2024-01-22,1.16,1.161,1.11,1.118
515100,2024-01-23,1.115,1.134,1.101,1.13
515100,2024-01-24,1.126,1.157,1.122,1.156
515100,2024-01-25,1.156,1.191,1.155,1.191
515100,2024-01-26,1.19,1.209,1.188,1.203
515100,2024-01-29,1.206,1.214,1.197,1.198
515100,2024-01-30,1.196,1.204,1.178,1.181
515100,2024-01-31,1.179,1.186,1.162,1.17
515100,2024-02-01,1.164,1.172,1.15,1.159
515100,2024-02-02,1.157,1.172,1.119,1.144
515100,2024-02-05,1.138,1.149,1.098,1.128
515100,2024-02-06,1.126,1.183,1.117,1.172
515100,2024-02-07,1.171,1.199,1.164,1.199
515100,2024-02-08,1.198,1.225,1.198,1.209
515100,2024-02-19,1.217,1.226,1.2,1.22
515100,2024-02-20,1.22,1.231,1.211,1.229
515100,2024-02-21,1.226,1.252,1.221,1.232
515100,2024-02-22,1.231,1.24,1.226,1.24
515100,2024-02-23,1.236,1.247,1.231,1.239
515100,2024-02-26,1.238,1.238,1.214,1.217
515100,2024-02-27,1.215,1.225,1.212,1.225
515100,2024-02-28,1.225,1.234,1.215,1.216
515100,2024-02-29,1.217,1.231,1.212,1.231
515100,2024-03-01,1.23,1.236,1.227,1.231
515100,2024-03-04,1.231,1.231,1.22,1.228
515100,2024-03-05,1.226,1.235,1.225,1.233
515100,2024-03-06,1.233,1.242,1.231,1.234
515100,2024-03-07,1.234,1.247,1.231,1.236
515100,2024-03-08,1.236,1.244,1.231,1.242
515100,2024-03-11,1.239,1.246,1.225,1.239
515100,2024-03-12,1.235,1.237,1.22,1.222
515100,2024-03-13,1.22,1.222,1.209,1.217
515100,2024-03-14,1.215,1.224,1.211,1.216
515100,2024-03-15,1.214,1.226,1.212,1.225
515100,2024-03-18,1.226,1.229,1.219,1.228
515100,2024-03-19,1.225,1.231,1.22,1.22
515100,2024-03-20,1.219,1.226,1.215,1.223
515100,2024-03-21,1.224,1.227,1.219,1.223
515100,2024-03-22,1.221,1.223,1.205,1.211
515100,2024-03-25,1.211,1.224,1.205,1.21
515100,2024-03-26,1.21,1.213,1.201,1.211
515100,2024-03-27,1.208,1.214,1.175,1.198
515100,2024-03-28,1.2,1.21,1.195,1.203
515100,2024-03-29,1.201,1.217,1.201,1.216
515100,2024-04-01,1.216,1.23,1.216,1.23
515100,2024-04-02,1.232,1.24,1.228,1.238
515100,2024-04-03,1.239,1.247,1.235,1.246
515100,2024-04-08,1.245,1.258,1.242,1.248
515100,2024-04-09,1.247,1.251,1.241,1.246
515100,2024-04-10,1.245,1.256,1.239,1.247
515100,2024-04-11,1.246,1.261,1.235,1.256
515100,2024-04-12,1.259,1.259,1.247,1.249
515100,2024-04-15,1.251,1.27,1.238,1.265
515100,2024-04-16,1.264,1.271,1.247,1.254
515100,2024-04-17,1.251,1.279,1.247,1.277
515100,2024-04-18,1.28,1.293,1.27,1.277
515100,2024-04-19,1.274,1.297,1.273,1.291
515100,2024-04-22,1.292,1.297,1.269,1.276
515100,2024-04-23,1.27,1.27,1.248,1.25
515100,2024-04-24,1.249,1.255,1.24,1.255
515100,2024-04-25,1.249,1.265,1.249,1.264
515100,2024-04-26,1.262,1.264,1.245,1.26
515100,2024-04-29,1.258,1.267,1.245,1.267
515100,2024-04-30,1.264,1.272,1.26,1.267
515100,2024-05-06,1.27,1.284,1.267,1.284
515100,2024-05-07,1.282,1.283,1.272,1.281
515100,2024-05-08,1.279,1.28,1.27,1.271
515100,2024-05-09,1.268,1.29,1.268,1.285
515100,2024-05-10,1.287,1.292,1.281,1.29
515100,2024-05-13,1.287,1.299,1.279,1.298
515100,2024-05-14,1.293,1.301,1.29,1.292
515100,2024-05-15,1.289,1.298,1.286,1.286
515100,2024-05-16,1.288,1.297,1.286,1.291
515100,2024-05-17,1.293,1.305,1.286,1.304
515100,2024-05-20,1.305,1.314,1.304,1.31
515100,2024-05-21,1.309,1.311,1.302,1.305
515100,2024-05-22,1.306,1.318,1.306,1.309
515100,2024-05-23,1.309,1.309,1.287,1.291
515100,2024-05-24,1.286,1.301,1.285,1.29
515100,2024-05-27,1.289,1.305,1.289,1.304
515100,2024-05-28,1.304,1.305,1.292,1.296
515100,2024-05-29,1.297,1.304,1.289,1.295
515100,2024-05-30,1.294,1.304,1.287,1.289
515100,2024-05-31,1.291,1.295,1.285,1.289
515100,2024-06-03,1.285,1.285,1.26,1.269
515100,2024-06-04,1.269,1.281,1.261,1.281
515100,2024-06-05,1.277,1.279,1.26,1.261
515100,2024-06-06,1.262,1.265,1.25,1.255
515100,2024-06-07,1.257,1.27,1.255,1.268
515100,2024-06-11,1.267,1.267,1.241,1.248
515100,2024-06-12,1.246,1.253,1.24,1.253
515100,2024-06-13,1.252,1.252,1.23,1.235
515100,2024-06-14,1.234,1.244,1.229,1.242
515100,2024-06-17,1.238,1.242,1.228,1.23
515100,2024-06-18,1.23,1.239,1.226,1.235
515100,2024-06-19,1.236,1.238,1.229,1.232
515100,2024-06-20,1.232,1.233,1.219,1.22
515100,2024-06-21,1.22,1.228,1.218,1.224
515100,2024-06-24,1.221,1.221,1.202,1.207
515100,2024-06-25,1.21,1.22,1.208,1.216
515100,2024-06-26,1.212,1.222,1.208,1.222
515100,2024-06-27,1.222,1.223,1.21,1.216
515100,2024-06-28,1.213,1.232,1.213,1.223
515100,2024-07-01,1.222,1.243,1.22,1.242
515100,2024-07-02,1.242,1.248,1.24,1.246
515100,2024-07-03,1.246,1.25,1.239,1.243
515100,2024-07-04,1.241,1.247,1.229,1.232
515100,2024-07-05,1.232,1.235,1.218,1.226
515100,2024-07-08,1.224,1.228,1.213,1.217
515100,2024-07-09,1.215,1.233,1.206,1.231
515100,2024-07-10,1.23,1.23,1.216,1.216
515100,2024-07-11,1.221,1.229,1.221,1.228
515100,2024-07-12,1.227,1.237,1.227,1.231
515100,2024-07-15,1.229,1.239,1.224,1.239
515100,2024-07-16,1.237,1.237,1.228,1.233
515100,2024-07-17,1.233,1.236,1.227,1.236
515100,2024-07-18,1.233,1.24,1.224,1.239
515100,2024-07-19,1.236,1.236,1.227,1.234
515100,2024-07-22,1.233,1.233,1.215,1.22
515100,2024-07-23,1.221,1.223,1.209,1.209
515100,2024-07-24,1.207,1.214,1.2,1.205
515100,2024-07-25,1.205,1.21,1.198,1.206
515100,2024-07-26,1.206,1.211,1.2,1.207
515100,2024-07-29,1.208,1.213,1.204,1.211
515100,2024-07-30,1.211,1.211,1.202,1.208
515100,2024-07-31,1.208,1.227,1.207,1.226
515100,2024-08-01,1.225,1.229,1.22,1.223
515100,2024-08-02,1.221,1.227,1.216,1.221
515100,2024-08-05,1.217,1.228,1.207,1.207
515100,2024-08-06,1.208,1.217,1.2,1.207
515100,2024-08-07,1.207,1.213,1.203,1.208
515100,2024-08-08,1.207,1.218,1.206,1.217
515100,2024-08-09,1.215,1.222,1.213,1.215
515100,2024-08-12,1.214,1.214,1.208,1.211
515100,2024-08-13,1.211,1.215,1.205,1.213
515100,2024-08-14,1.215,1.215,1.205,1.206
515100,2024-08-15,1.206,1.219,1.201,1.216
515100,2024-08-16,1.215,1.218,1.21,1.212
515100,2024-08-19,1.212,1.225,1.211,1.223
515100,2024-08-20,1.223,1.225,1.206,1.211
515100,2024-08-21,1.21,1.21,1.196,1.201
515100,2024-08-22,1.201,1.203,1.197,1.199
515100,2024-08-23,1.197,1.201,1.193,1.199
515100,2024-08-26,1.198,1.202,1.194,1.201
515100,2024-08-27,1.201,1.203,1.195,1.2
515100,2024-08-28,1.199,1.199,1.188,1.193
515100,2024-08-29,1.19,1.191,1.175,1.175
515100,2024-08-30,1.176,1.193,1.17,1.182
515100,2024-09-02,1.177,1.182,1.171,1.173
515100,2024-09-03,1.173,1.177,1.164,1.17
515100,2024-09-04,1.165,1.17,1.162,1.162
515100,2024-09-05,1.162,1.167,1.16,1.166
515100,2024-09-06,1.166,1.171,1.155,1.155
515100,2024-09-09,1.153,1.155,1.136,1.138
515100,2024-09-10,1.139,1.142,1.126,1.135
515100,2024-09-11,1.135,1.135,1.111,1.117
515100,2024-09-12,1.117,1.123,1.114,1.119
515100,2024-09-13,1.119,1.126,1.114,1.115
515100,2024-09-18,1.114,1.129,1.112,1.129
515100,2024-09-19,1.128,1.138,1.119,1.131
515100,2024-09-20,1.131,1.132,1.122,1.13
515100,2024-09-23,1.129,1.14,1.128,1.139
515100,2024-09-24,1.143,1.187,1.143,1.187
515100,2024-09-25,1.196,1.23,1.196,1.208
515100,2024-09-26,1.21,1.258,1.205,1.255
515100,2024-09-27,1.268,1.292,1.245,1.291
515100,2024-09-30,1.282,1.383,1.282,1.376
515100,2024-10-08,1.491,1.517,1.362,1.401
515100,2024-10-09,1.383,1.383,1.264,1.283
515100,2024-10-10,1.29,1.359,1.29,1.332
515100,2024-10-11,1.331,1.343,1.295,1.31
515100,2024-10-14,1.342,1.355,1.318,1.349
515100,2024-10-15,1.348,1.351,1.316,1.316
515100,2024-10-16,1.31,1.349,1.306,1.337
515100,2024-10-17,1.338,1.347,1.312,1.313
515100,2024-10-18,1.314,1.351,1.295,1.332
515100,2024-10-21,1.338,1.338,1.31,1.321
515100,2024-10-22,1.315,1.329,1.315,1.328
515100,2024-10-23,1.325,1.341,1.325,1.334
515100,2024-10-24,1.331,1.336,1.32,1.326
515100,2024-10-25,1.322,1.335,1.322,1.332
515100,2024-10-28,1.333,1.341,1.323,1.341
515100,2024-10-29,1.34,1.345,1.317,1.319
515100,2024-10-30,1.316,1.326,1.303,1.311
515100,2024-10-31,1.31,1.319,1.301,1.314
515100,2024-11-01,1.311,1.332,1.311,1.321
515100,2024-11-04,1.321,1.335,1.312,1.335
515100,2024-11-05,1.328,1.36,1.328,1.359
515100,2024-11-06,1.364,1.364,1.347,1.355
515100,2024-11-07,1.355,1.398,1.346,1.397
515100,2024-11-08,1.41,1.421,1.368,1.375
515100,2024-11-11,1.372,1.372,1.35,1.368
515100,2024-11-12,1.368,1.383,1.351,1.359
515100,2024-11-13,1.353,1.371,1.353,1.365
515100,2024-11-14,1.36,1.367,1.343,1.346
515100,2024-11-15,1.34,1.354,1.333,1.336
515100,2024-11-18,1.34,1.38,1.34,1.357
515100,2024-11-19,1.358,1.364,1.337,1.356
515100,2024-11-20,1.356,1.361,1.349,1.359
515100,2024-11-21,1.359,1.363,1.353,1.363
515100,2024-11-22,1.362,1.366,1.321,1.322
515100,2024-11-25,1.323,1.337,1.315,1.324
515100,2024-11-26,1.322,1.33,1.318,1.324
515100,2024-11-27,1.324,1.337,1.307,1.336
515100,2024-11-28,1.336,1.344,1.333,1.337
515100,2024-11-29,1.336,1.353,1.335,1.345
515100,2024-12-02,1.35,1.358,1.343,1.355
515100,2024-12-03,1.355,1.37,1.35,1.368
515100,2024-12-04,1.366,1.372,1.358,1.367
515100,2024-12-05,1.367,1.367,1.36,1.365
515100,2024-12-06,1.365,1.387,1.364,1.382
515100,2024-12-09,1.384,1.394,1.379,1.386
515100,2024-12-10,1.414,1.419,1.384,1.387
515100,2024-12-11,1.385,1.396,1.383,1.394
515100,2024-12-12,1.394,1.41,1.388,1.404
515100,2024-12-13,1.405,1.405,1.376,1.377
515100,2024-12-16,1.379,1.397,1.377,1.392
515100,2024-12-17,1.39,1.4,1.383,1.385
515100,2024-12-18,1.386,1.403,1.386,1.391
515100,2024-12-19,1.385,1.388,1.372,1.377
515100,2024-12-20,1.375,1.379,1.368,1.372
515100,2024-12-23,1.37,1.383,1.367,1.371
515100,2024-12-24,1.374,1.386,1.37,1.384
515100,2024-12-25,1.384,1.396,1.382,1.394
515100,2024-12-26,1.392,1.394,1.384,1.386
515100,2024-12-27,1.385,1.394,1.377,1.393
515100,2024-12-30,1.392,1.402,1.39,1.399
515100,2024-12-31,1.399,1.409,1.389,1.39
515100,2025-01-02,1.391,1.399,1.351,1.358
515100,2025-01-03,1.358,1.369,1.344,1.346
515100,2025-01-06,1.345,1.355,1.339,1.354
515100,2025-01-07,1.353,1.355,1.336,1.346
515100,2025-01-08,1.342,1.354,1.33,1.349
515100,2025-01-09,1.349,1.349,1.329,1.331
515100,2025-01-10,1.33,1.333,1.311,1.313
515100,2025-01-13,1.314,1.314,1.291,1.299
515100,2025-01-14,1.301,1.323,1.299,1.319
515100,2025-01-15,1.319,1.333,1.315,1.321
515100,2025-01-16,1.322,1.335,1.322,1.331
515100,2025-01-17,1.329,1.333,1.319,1.33
515100,2025-01-20,1.331,1.341,1.325,1.328
515100,2025-01-21,1.332,1.332,1.314,1.318
515100,2025-01-22,1.316,1.318,1.3,1.305
515100,2025-01-23,1.313,1.327,1.313,1.318
515100,2025-01-24,1.318,1.331,1.313,1.328
515100,2025-01-27,1.33,1.349,1.329,1.345
515100,2025-02-05,1.345,1.346,1.316,1.319
515100,2025-02-06,1.32,1.322,1.31,1.318
515100,2025-02-07,1.318,1.331,1.312,1.329
515100,2025-02-10,1.328,1.332,1.325,1.327
515100,2025-02-11,1.328,1.337,1.327,1.336
515100,2025-02-12,1.337,1.337,1.328,1.334
515100,2025-02-13,1.334,1.344,1.332,1.339
515100,2025-02-14,1.339,1.339,1.329,1.337
515100,2025-02-17,1.338,1.339,1.327,1.337
515100,2025-02-18,1.337,1.348,1.334,1.341
515100,2025-02-19,1.337,1.337,1.33,1.337
515100,2025-02-20,1.335,1.335,1.327,1.328
515100,2025-02-21,1.328,1.33,1.32,1.324
515100,2025-02-24,1.323,1.332,1.322,1.324
515100,2025-02-25,1.323,1.323,1.311,1.314
515100,2025-02-26,1.315,1.326,1.315,1.326
515100,2025-02-27,1.326,1.336,1.322,1.336
515100,2025-02-28,1.336,1.339,1.325,1.329
515100,2025-03-03,1.327,1.334,1.323,1.328
515100,2025-03-04,1.324,1.331,1.321,1.33
515100,2025-03-05,1.331,1.334,1.324,1.334
515100,2025-03-06,1.334,1.335,1.324,1.331
515100,2025-03-07,1.33,1.338,1.328,1.331
515100,2025-03-10,1.33,1.335,1.324,1.329
515100,2025-03-11,1.325,1.339,1.323,1.338
515100,2025-03-12,1.337,1.343,1.331,1.334
515100,2025-03-13,1.333,1.338,1.329,1.335
515100,2025-03-14,1.335,1.347,1.334,1.346
515100,2025-03-17,1.346,1.357,1.346,1.354
515100,2025-03-18,1.355,1.356,1.347,1.351
515100,2025-03-19,1.351,1.353,1.345,1.351
515100,2025-03-20,1.35,1.354,1.343,1.345
515100,2025-03-21,1.343,1.356,1.341,1.346
515100,2025-03-24,1.345,1.354,1.343,1.354
515100,2025-03-25,1.352,1.366,1.35,1.365
515100,2025-03-26,1.365,1.365,1.357,1.363
515100,2025-03-27,1.36,1.366,1.359,1.361
515100,2025-03-28,1.361,1.361,1.35,1.354
515100,2025-03-31,1.352,1.362,1.346,1.35
515100,2025-04-01,1.349,1.363,1.349,1.362
515100,2025-04-02,1.36,1.366,1.359,1.363
515100,2025-04-03,1.36,1.371,1.356,1.368
515100,2025-04-07,1.336,1.34,1.251,1.277
515100,2025-04-08,1.282,1.321,1.278,1.32
515100,2025-04-09,1.31,1.321,1.285,1.315
515100,2025-04-10,1.321,1.335,1.317,1.333
515100,2025-04-11,1.326,1.327,1.316,1.322
515100,2025-04-14,1.32,1.33,1.32,1.326
515100,2025-04-15,1.326,1.333,1.323,1.333
515100,2025-04-16,1.33,1.341,1.327,1.34
515100,2025-04-17,1.338,1.344,1.332,1.342
515100,2025-04-18,1.338,1.344,1.337,1.343
515100,2025-04-21,1.34,1.348,1.336,1.337
515100,2025-04-22,1.336,1.351,1.336,1.349
515100,2025-04-23,1.349,1.351,1.339,1.34
515100,2025-04-24,1.342,1.355,1.342,1.352
515100,2025-04-25,1.351,1.355,1.347,1.35
515100,2025-04-28,1.351,1.357,1.346,1.354
515100,2025-04-29,1.35,1.354,1.344,1.346
515100,2025-04-30,1.347,1.347,1.334,1.335
515100,2025-05-06,1.336,1.339,1.331,1.338
515100,2025-05-07,1.344,1.35,1.342,1.349
515100,2025-05-08,1.348,1.353,1.344,1.353
515100,2025-05-09,1.353,1.362,1.351,1.36
515100,2025-05-12,1.36,1.366,1.356,1.363
515100,2025-05-13,1.366,1.373,1.361,1.371
515100,2025-05-14,1.371,1.381,1.366,1.38
515100,2025-05-15,1.381,1.386,1.376,1.378
515100,2025-05-16,1.376,1.378,1.362,1.368
515100,2025-05-19,1.365,1.375,1.365,1.372
515100,2025-05-20,1.373,1.379,1.373,1.376
515100,2025-05-21,1.376,1.386,1.376,1.385
515100,2025-05-22,1.385,1.385,1.379,1.383
515100,2025-05-23,1.384,1.391,1.372,1.373
515100,2025-05-26,1.368,1.373,1.359,1.364
515100,2025-05-27,1.363,1.367,1.36,1.366
515100,2025-05-28,1.366,1.372,1.365,1.37
515100,2025-05-29,1.373,1.373,1.367,1.372
515100,2025-05-30,1.372,1.378,1.369,1.377
515100,2025-06-03,1.374,1.38,1.366,1.379
515100,2025-06-04,1.378,1.385,1.377,1.385
515100,2025-06-05,1.384,1.387,1.373,1.377
515100,2025-06-06,1.376,1.382,1.376,1.379
515100,2025-06-09,1.378,1.383,1.376,1.383
515100,2025-06-10,1.382,1.392,1.378,1.385
515100,2025-06-11,1.386,1.391,1.384,1.389
515100,2025-06-12,1.39,1.39,1.383,1.39
515100,2025-06-13,1.388,1.39,1.377,1.38
515100,2025-06-16,1.377,1.38,1.374,1.379
515100,2025-06-17,1.379,1.381,1.374,1.377
515100,2025-06-18,1.375,1.379,1.37,1.376
515100,2025-06-19,1.374,1.375,1.363,1.367
515100,2025-06-20,1.367,1.377,1.367,1.375
515100,2025-06-23,1.374,1.38,1.362,1.374
515100,2025-06-24,1.372,1.381,1.371,1.38
515100,2025-06-25,1.38,1.39,1.376,1.388
515100,2025-06-26,1.388,1.392,1.384,1.391
515100,2025-06-27,1.39,1.399,1.38,1.382
515100,2025-06-30,1.382,1.383,1.375,1.379
515100,2025-07-01,1.379,1.393,1.379,1.391
515100,2025-07-02,1.391,1.4,1.39,1.4
515100,2025-07-03,1.4,1.401,1.394,1.4
515100,2025-07-04,1.398,1.414,1.398,1.408
515100,2025-07-07,1.408,1.417,1.405,1.416
515100,2025-07-08,1.417,1.42,1.41,1.417
515100,2025-07-09,1.416,1.429,1.416,1.427
515100,2025-07-10,1.426,1.443,1.426,1.44
515100,2025-07-11,1.438,1.445,1.431,1.431
515100,2025-07-14,1.429,1.445,1.429,1.443
515100,2025-07-15,1.443,1.443,1.422,1.426
515100,2025-07-16,1.427,1.428,1.419,1.425
515100,2025-07-17,1.425,1.43,1.42,1.425
515100,2025-07-18,1.424,1.434,1.424,1.434
515100,2025-07-21,1.436,1.451,1.435,1.45
515100,2025-07-22,1.45,1.473,1.441,1.471
515100,2025-07-23,1.476,1.478,1.46,1.463
515100,2025-07-24,1.46,1.465,1.453,1.465
515100,2025-07-25,1.463,1.468,1.45,1.452
515100,2025-07-28,1.446,1.451,1.441,1.444
515100,2025-07-29,1.444,1.445,1.431,1.44
515100,2025-07-30,1.439,1.452,1.438,1.446
515100,2025-07-31,1.443,1.444,1.415,1.42
515100,2025-08-01,1.42,1.425,1.415,1.42
515100,2025-08-04,1.415,1.426,1.413,1.426
515100,2025-08-05,1.425,1.436,1.424,1.435
515100,2025-08-06,1.435,1.437,1.43,1.436
515100,2025-08-07,1.436,1.44,1.43,1.436
515100,2025-08-08,1.435,1.441,1.435,1.439
515100,2025-08-11,1.44,1.443,1.432,1.437
515100,2025-08-12,1.437,1.445,1.435,1.442
515100,2025-08-13,1.442,1.444,1.434,1.437
515100,2025-08-14,1.437,1.444,1.428,1.43
515100,2025-08-15,1.43,1.435,1.423,1.435
515100,2025-08-18,1.435,1.443,1.432,1.438
515100,2025-08-19,1.437,1.441,1.433,1.437
515100,2025-08-20,1.436,1.452,1.432,1.451
515100,2025-08-21,1.45,1.461,1.449,1.46
515100,2025-08-22,1.458,1.462,1.444,1.46
515100,2025-08-25,1.458,1.475,1.456,1.473
515100,2025-08-26,1.471,1.475,1.467,1.473
515100,2025-08-27,1.47,1.473,1.443,1.444
515100,2025-08-28,1.443,1.448,1.424,1.442
515100,2025-08-29,1.442,1.458,1.441,1.442
515100,2025-09-01,1.442,1.448,1.432,1.442
515100,2025-09-02,1.444,1.446,1.432,1.444
515100,2025-09-03,1.444,1.447,1.428,1.429
515100,2025-09-04,1.429,1.432,1.418,1.432
515100,2025-09-05,1.431,1.437,1.422,1.436
515100,2025-09-08,1.436,1.445,1.434,1.444
515100,2025-09-09,1.444,1.448,1.437,1.446
515100,2025-09-10,1.445,1.445,1.437,1.442
515100,2025-09-11,1.438,1.448,1.432,1.447
515100,2025-09-12,1.444,1.448,1.438,1.44
515100,2025-09-15,1.44,1.44,1.429,1.432
515100,2025-09-16,1.433,1.435,1.423,1.426
515100,2025-09-17,1.428,1.434,1.422,1.434
515100,2025-09-18,1.433,1.433,1.404,1.41
515100,2025-09-19,1.41,1.415,1.403,1.415
515100,2025-09-22,1.413,1.414,1.398,1.403
515100,2025-09-23,1.402,1.409,1.395,1.406
515100,2025-09-24,1.406,1.415,1.404,1.413
515100,2025-09-25,1.414,1.415,1.404,1.409
515100,2025-09-26,1.41,1.416,1.405,1.415
515100,2025-09-29,1.414,1.42,1.404,1.415
515100,2025-09-30,1.408,1.413,1.407,1.41
515100,2025-10-09,1.41,1.428,1.409,1.428
515100,2025-10-10,1.425,1.443,1.422,1.439
515100,2025-10-13,1.421,1.438,1.415,1.433
515100,2025-10-14,1.431,1.45,1.431,1.448
515100,2025-10-15,1.444,1.454,1.443,1.451
515100,2025-10-16,1.451,1.457,1.448,1.454
515100,2025-10-17,1.455,1.46,1.44,1.443
515100,2025-10-20,1.442,1.451,1.433,1.451
515100,2025-10-21,1.448,1.46,1.447,1.456
515100,2025-10-22,1.456,1.466,1.454,1.463
515100,2025-10-23,1.463,1.474,1.458,1.473
515100,2025-10-24,1.474,1.475,1.46,1.463
515100,2025-10-27,1.461,1.47,1.454,1.466
515100,2025-10-28,1.463,1.467,1.455,1.459
515100,2025-10-29,1.457,1.458,1.446,1.457
515100,2025-10-30,1.456,1.464,1.453,1.459
515100,2025-10-31,1.458,1.459,1.451,1.457
515100,2025-11-03,1.458,1.472,1.456,1.471
515100,2025-11-04,1.47,1.482,1.467,1.476
515100,2025-11-05,1.472,1.482,1.465,1.478
515100,2025-11-06,1.479,1.49,1.476,1.49
515100,2025-11-07,1.489,1.497,1.486,1.495
515100,2025-11-10,1.495,1.51,1.493,1.509
515100,2025-11-11,1.508,1.512,1.504,1.51
515100,2025-11-12,1.51,1.523,1.51,1.518
515100,2025-11-13,1.518,1.521,1.506,1.517
515100,2025-11-14,1.514,1.523,1.508,1.512
515100,2025-11-17,1.509,1.51,1.491,1.495
515100,2025-11-18,1.493,1.498,1.477,1.481
515100,2025-11-19,1.479,1.489,1.479,1.486
515100,2025-11-20,1.485,1.5,1.484,1.488
515100,2025-11-21,1.485,1.487,1.459,1.465
515100,2025-11-24,1.464,1.466,1.453,1.453
515100,2025-11-25,1.46,1.466,1.451,1.465
515100,2025-11-26,1.464,1.47,1.457,1.458
515100,2025-11-27,1.458,1.465,1.452,1.462
515100,2025-11-28,1.461,1.464,1.453,1.462
515100,2025-12-01,1.46,1.475,1.46,1.474
515100,2025-12-02,1.473,1.479,1.47,1.477
515100,2025-12-03,1.477,1.485,1.473,1.479
515100,2025-12-04,1.478,1.482,1.469,1.472
515100,2025-12-05,1.472,1.474,1.464,1.473
515100,2025-12-08,1.474,1.476,1.463,1.469
515100,2025-12-09,1.469,1.469,1.457,1.457
515100,2025-12-10,1.458,1.459,1.446,1.453
515100,2025-12-11,1.455,1.457,1.439,1.443
515100,2025-12-12,1.443,1.445,1.435,1.441
515100,2025-12-15,1.44,1.447,1.434,1.443
515100,2025-12-16,1.442,1.443,1.432,1.434
515100,2025-12-17,1.434,1.44,1.427,1.438
515100,2025-12-18,1.437,1.448,1.432,1.447
515100,2025-12-19,1.447,1.449,1.44,1.446
515100,2025-12-22,1.446,1.446,1.438,1.438
515100,2025-12-23,1.44,1.443,1.434,1.437
515100,2025-12-24,1.437,1.44,1.432,1.44
515100,2025-12-25,1.44,1.446,1.439,1.445
515100,2025-12-26,1.444,1.448,1.441,1.447
515100,2025-12-29,1.447,1.447,1.436,1.438
515100,2025-12-30,1.438,1.439,1.427,1.433
515100,2025-12-31,1.433,1.434,1.428,1.43
515100,2026-01-05,1.431,1.433,1.426,1.433
515100,2026-01-06,1.433,1.44,1.429,1.438
515100,2026-01-07,1.438,1.44,1.431,1.435
515100,2026-01-08,1.434,1.434,1.426,1.43
515100,2026-01-09,1.43,1.433,1.427,1.433
515100,2026-01-12,1.432,1.437,1.429,1.436
515100,2026-01-13,1.436,1.445,1.434,1.437
515100,2026-01-14,1.436,1.44,1.423,1.425
515100,2026-01-15,1.425,1.428,1.419,1.422
515100,2026-01-16,1.422,1.425,1.406,1.41
515100,2026-01-19,1.408,1.417,1.405,1.417
515100,2026-01-20,1.417,1.438,1.415,1.437
515100,2026-01-21,1.437,1.438,1.425,1.428
515100,2026-01-22,1.428,1.436,1.425,1.431
515100,2026-01-23,1.431,1.436,1.428,1.431
515100,2026-01-26,1.428,1.44,1.425,1.44
515100,2026-01-27,1.441,1.442,1.428,1.43
515100,2026-01-28,1.43,1.446,1.43,1.437
515100,2026-01-29,1.437,1.465,1.437,1.464
515100,2026-01-30,1.462,1.468,1.445,1.455
515100,2026-02-02,1.452,1.455,1.428,1.429
515100,2026-02-03,1.431,1.438,1.422,1.437
515100,2026-02-04,1.435,1.459,1.434,1.458
515100,2026-02-05,1.454,1.464,1.451,1.464
515100,2026-02-06,1.456,1.464,1.452,1.458
515100,2026-02-09,1.462,1.467,1.458,1.465
515100,2026-02-10,1.462,1.47,1.459,1.47
515100,2026-02-11,1.468,1.471,1.462,1.469
515100,2026-02-12,1.469,1.47,1.458,1.459
515100,2026-02-13,1.459,1.46,1.444,1.448
515100,2026-02-24,1.452,1.463,1.451,1.459
515100,2026-02-25,1.458,1.472,1.457,1.459
515100,2026-02-26,1.461,1.465,1.452,1.457
515100,2026-02-27,1.457,1.466,1.455,1.466
515100,2026-03-02,1.46,1.479,1.458,1.478
515100,2026-03-03,1.48,1.493,1.473,1.48
515100,2026-03-04,1.479,1.479,1.451,1.459
515100,2026-03-05,1.46,1.464,1.452,1.459
515100,2026-03-06,1.457,1.471,1.453,1.47
515100,2026-03-09,1.47,1.478,1.465,1.47
515100,2026-03-10,1.464,1.469,1.459,1.467
515100,2026-03-11,1.468,1.486,1.459,1.484
515100,2026-03-12,1.483,1.494,1.481,1.492
515100,2026-03-13,1.492,1.499,1.487,1.489
515100,2026-03-16,1.489,1.494,1.482,1.489
515100,2026-03-17,1.488,1.498,1.485,1.49
515100,2026-03-18,1.49,1.491,1.472,1.482
515100,2026-03-19,1.48,1.49,1.475,1.479
515100,2026-03-20,1.477,1.488,1.471,1.473
515100,2026-03-23,1.467,1.469,1.417,1.424
515100,2026-03-24,1.43,1.448,1.425,1.448
515100,2026-03-25,1.449,1.463,1.439,1.461
515100,2026-03-26,1.46,1.467,1.456,1.461
515100,2026-03-27,1.452,1.463,1.448,1.457
515100,2026-03-30,1.448,1.465,1.448,1.462
515100,2026-03-31,1.463,1.476,1.46,1.463
515100,2026-04-01,1.467,1.47,1.459,1.462
515100,2026-04-02,1.461,1.466,1.458,1.464
515100,2026-04-03,1.463,1.464,1.441,1.443
515100,2026-04-07,1.444,1.445,1.434,1.438
515100,2026-04-08,1.441,1.455,1.439,1.454
515100,2026-04-09,1.448,1.452,1.438,1.442
515100,2026-04-10,1.443,1.445,1.438,1.44
515100,2026-04-13,1.438,1.439,1.429,1.433
515100,2026-04-14,1.433,1.437,1.43,1.436
515100,2026-04-15,1.437,1.449,1.434,1.449
515100,2026-04-16,1.449,1.449,1.443,1.448
515100,2026-04-17,1.444,1.444,1.437,1.438
515100,2026-04-20,1.438,1.441,1.436,1.441
515100,2026-04-21,1.441,1.453,1.44,1.453
515100,2026-04-22,1.451,1.453,1.446,1.448
515100,2026-04-23,1.448,1.458,1.444,1.457
515100,2026-04-24,1.454,1.457,1.448,1.454
515100,2026-04-27,1.45,1.453,1.445,1.445
