日期,中国10年期国债收益率(%),美国10年期国债收益率(%)
2000-01-31,,6.68
2000-02-29,,6.42
2000-03-31,,6.03
2000-04-30,,6.23
2000-05-31,,6.29
2000-06-30,,6.03
2000-07-31,,6.04
2000-08-31,,5.73
2000-09-30,,5.8
2000-10-31,,5.77
2000-11-30,,5.48
2000-12-31,,5.12
2001-01-31,,5.19
2001-02-28,,4.92
2001-03-31,,4.93
2001-04-30,,5.35
2001-05-31,,5.43
2001-06-30,,5.42
2001-07-31,,5.07
2001-08-31,,4.85
2001-09-30,,4.6
2001-10-31,,4.3
2001-11-30,,4.78
2001-12-31,,5.07
2002-01-31,3.2186,5.07
2002-02-28,3.1315,4.88
2002-03-31,2.8551,5.42
2002-04-30,2.5022,5.11
2002-05-31,2.381,5.08
2002-06-30,2.5798,4.86
2002-07-31,2.869,4.51
2002-08-31,3.0595,4.14
2002-09-30,3.1397,3.63
2002-10-31,2.9978,3.93
2002-11-30,3.5248,4.22
2002-12-31,3.1776,3.83
2003-01-31,3.0984,4.0
2003-02-28,3.1225,3.71
2003-03-31,2.9228,3.83
2003-04-30,2.834,3.89
2003-05-31,2.8717,3.37
2003-06-30,3.0821,3.54
2003-07-31,2.9294,4.49
2003-08-31,2.831,4.45
2003-09-30,3.2369,3.96
2003-10-31,3.3235,4.33
2003-11-30,3.933,4.34
2003-12-31,3.3602,4.27
2004-01-31,3.8706,4.16
2004-02-29,3.8105,3.99
2004-03-31,3.9169,3.86
2004-04-30,4.2841,4.53
2004-05-31,4.6123,4.66
2004-06-30,4.348,4.62
2004-07-31,4.6018,4.5
2004-08-31,5.1676,4.13
2004-09-30,5.1266,4.14
2004-10-31,4.8246,4.05
2004-11-30,5.3419,4.36
2004-12-31,4.7332,4.24
2005-01-31,4.8982,4.14
2005-02-28,4.8334,4.36
2005-03-31,4.1203,4.5
2005-04-30,4.0441,4.21
2005-05-31,3.8469,4.0
2005-06-30,3.653,3.94
2005-07-31,3.3874,4.28
2005-08-31,3.5608,4.02
2005-09-30,3.2404,4.34
2005-10-31,3.0613,4.57
2005-11-30,3.3255,4.49
2005-12-31,3.1216,4.39
2006-01-31,2.9795,4.53
2006-02-28,2.9266,4.55
2006-03-31,2.94,4.86
2006-04-30,3.0,5.07
2006-05-31,3.02,5.12
2006-06-30,3.165,5.15
2006-07-31,3.26,4.99
2006-08-31,3.238,4.74
2006-09-30,2.999,4.64
2006-10-31,2.9512,4.61
2006-11-30,2.9781,4.46
2006-12-31,3.0269,4.71
2007-01-31,3.0671,4.83
2007-02-28,3.1466,4.56
2007-03-31,3.4338,4.65
2007-04-30,3.5916,4.63
2007-05-31,4.06,4.9
2007-06-30,4.45,5.03
2007-07-31,4.3401,4.78
2007-08-31,4.2743,4.54
2007-09-30,4.3877,4.59
2007-10-31,4.4937,4.48
2007-11-30,4.5086,3.97
2007-12-31,4.4253,4.04
2008-01-31,4.1937,3.67
2008-02-29,4.1283,3.53
2008-03-31,4.046,3.45
2008-04-30,4.0725,3.77
2008-05-31,4.1589,4.06
2008-06-30,4.5285,3.99
2008-07-31,4.4401,3.99
2008-08-31,4.2234,3.83
2008-09-30,3.7155,3.85
2008-10-31,3.0751,4.01
2008-11-30,2.9905,2.93
2008-12-31,2.7521,2.25
2009-01-31,3.0368,2.87
2009-02-28,3.1508,3.02
2009-03-31,3.1612,2.71
2009-04-30,3.1072,3.16
2009-05-31,3.0409,3.47
2009-06-30,3.2403,3.53
2009-07-31,3.503,3.52
2009-08-31,3.4805,3.4
2009-09-30,3.5132,3.31
2009-10-31,3.6886,3.41
2009-11-30,3.5569,3.21
2009-12-31,3.6422,3.85
2010-01-31,3.58,3.63
2010-02-28,3.3753,3.61
2010-03-31,3.4818,3.84
2010-04-30,3.3565,3.69
2010-05-31,3.243,3.31
2010-06-30,3.279,2.97
2010-07-31,3.2996,2.94
2010-08-31,3.2301,2.47
2010-09-30,3.3183,2.53
2010-10-31,3.6821,2.63
2010-11-30,3.971,2.81
2010-12-31,3.8799,3.3
2011-01-31,4.0187,3.42
2011-02-28,3.9314,3.42
2011-03-31,3.912,3.47
2011-04-30,3.8713,3.32
2011-05-31,3.8311,3.05
2011-06-30,3.8857,3.18
2011-07-31,4.0477,2.82
2011-08-31,4.105,2.23
2011-09-30,3.8605,1.92
2011-10-31,3.7607,2.17
2011-11-30,3.6091,2.08
2011-12-31,3.4211,1.89
2012-01-31,3.4064,1.83
2012-02-29,3.534,1.98
2012-03-31,3.5004,2.23
2012-04-30,3.5391,1.95
2012-05-31,3.3443,1.59
2012-06-30,3.3253,1.67
2012-07-31,3.2915,1.51
2012-08-31,3.3928,1.57
2012-09-30,3.4574,1.65
2012-10-31,3.5739,1.72
2012-11-30,3.5332,1.62
2012-12-31,3.5738,1.78
2013-01-31,3.6054,2.02
2013-02-28,3.5957,1.89
2013-03-31,3.5392,1.87
2013-04-30,3.4314,1.7
2013-05-31,3.4399,2.16
2013-06-30,3.5125,2.52
2013-07-31,3.7214,2.6
2013-08-31,4.0354,2.78
2013-09-30,3.9954,2.64
2013-10-31,4.1806,2.57
2013-11-30,4.3612,2.75
2013-12-31,4.5518,3.04
2014-01-31,4.5019,2.67
2014-02-28,4.4276,2.66
2014-03-31,4.5004,2.73
2014-04-30,4.3002,2.67
2014-05-31,4.0714,2.48
2014-06-30,4.0612,2.53
2014-07-31,4.2655,2.58
2014-08-31,4.2361,2.35
2014-09-30,3.9824,2.52
2014-10-31,3.7559,2.35
2014-11-30,3.5249,2.18
2014-12-31,3.6219,2.17
2015-01-31,3.5019,1.68
2015-02-28,3.3602,2.0
2015-03-31,3.6483,1.94
2015-04-30,3.3503,2.05
2015-05-31,3.5954,2.12
2015-06-30,3.5976,2.35
2015-07-31,3.4752,2.2
2015-08-31,3.3252,2.21
2015-09-30,3.2362,2.06
2015-10-31,3.06,2.16
2015-11-30,3.0404,2.21
2015-12-31,2.8212,2.27
2016-01-31,2.8419,1.94
2016-02-29,2.8502,1.74
2016-03-31,2.8419,1.78
2016-04-30,2.8913,1.83
2016-05-31,2.9851,1.84
2016-06-30,2.8411,1.49
2016-07-31,2.7768,1.46
2016-08-31,2.7425,1.58
2016-09-30,2.7258,1.6
2016-10-31,2.7425,1.84
2016-11-30,2.9502,2.37
2016-12-31,3.0115,2.45
2017-01-31,3.3465,2.45
2017-02-28,3.2921,2.36
2017-03-31,3.2828,2.4
2017-04-30,3.4668,2.29
2017-05-31,3.6102,2.21
2017-06-30,3.5683,2.31
2017-07-31,3.626,2.3
2017-08-31,3.6265,2.12
2017-09-30,3.6136,2.33
2017-10-31,3.8917,2.38
2017-11-30,3.8901,2.42
2017-12-31,3.8807,2.4
2018-01-31,3.914,2.72
2018-02-28,3.8202,2.87
2018-03-31,3.7407,2.74
2018-04-30,3.6217,2.95
2018-05-31,3.6129,2.83
2018-06-30,3.4756,2.85
2018-07-31,3.4812,2.96
2018-08-31,3.5751,2.86
2018-09-30,3.6103,3.05
2018-10-31,3.5086,3.15
2018-11-30,3.355,3.01
2018-12-31,3.2265,2.69
2019-01-31,3.1037,2.63
2019-02-28,3.1731,2.73
2019-03-31,3.0683,2.41
2019-04-30,3.3869,2.51
2019-05-31,3.2751,2.14
2019-06-30,3.2254,2.0
2019-07-31,3.1552,2.02
2019-08-31,3.0573,1.5
2019-09-30,3.1411,1.68
2019-10-31,3.288,1.69
2019-11-30,3.165,1.78
2019-12-31,3.1365,1.92
2020-01-31,2.9932,1.51
2020-02-29,2.7376,1.13
2020-03-31,2.5899,0.7
2020-04-30,2.538,0.64
2020-05-31,2.7053,0.65
2020-06-30,2.823,0.66
2020-07-31,2.9664,0.55
2020-08-31,3.0177,0.72
2020-09-30,3.1482,0.69
2020-10-31,3.181,0.88
2020-11-30,3.25,0.84
2020-12-31,3.1429,0.93
2021-01-31,3.1786,1.11
2021-02-28,3.2798,1.44
2021-03-31,3.1887,1.74
2021-04-30,3.164,1.65
2021-05-31,3.045,1.58
2021-06-30,3.0778,1.45
2021-07-31,2.8363,1.24
2021-08-31,2.845,1.3
2021-09-30,2.8776,1.52
2021-10-31,2.9732,1.55
2021-11-30,2.825,1.43
2021-12-31,2.7754,1.52
2022-01-31,2.6997,1.79
2022-02-28,2.775,1.83
2022-03-31,2.7878,2.32
2022-04-30,2.8386,2.89
2022-05-31,2.7426,2.85
2022-06-30,2.8205,2.98
2022-07-31,2.756,2.67
2022-08-31,2.6225,3.15
2022-09-30,2.7601,3.83
2022-10-31,2.6433,4.1
2022-11-30,2.885,3.68
2022-12-31,2.8353,3.88
2023-01-31,2.8977,3.52
2023-02-28,2.9017,3.92
2023-03-31,2.8528,3.48
2023-04-30,2.7788,3.44
2023-05-31,2.685,3.64
2023-06-30,2.6351,3.81
2023-07-31,2.6597,3.97
2023-08-31,2.5575,4.09
2023-09-30,2.6751,4.59
2023-10-31,2.6938,4.88
2023-11-30,2.668,4.37
2023-12-31,2.5553,3.88
2024-01-31,2.433,3.99
2024-02-29,2.3375,4.25
2024-03-31,2.2901,4.2
2024-04-30,2.3028,4.69
2024-05-31,2.2926,4.51
2024-06-30,2.2058,4.36
2024-07-31,2.1494,4.09
2024-08-31,2.1704,3.91
2024-09-30,2.1518,3.81
2024-10-31,2.1476,4.28
2024-11-30,2.0206,4.18
2024-12-31,1.6752,4.58
2025-01-31,1.6299,4.58
2025-02-28,1.7152,4.24
2025-03-31,1.8129,4.23
2025-04-30,1.6243,4.17
2025-05-31,1.6712,4.41
2025-06-30,1.6469,4.24
2025-07-31,1.7044,4.37
2025-08-31,1.8379,4.23
2025-09-30,1.8605,4.16
2025-10-31,1.7954,4.11
2025-11-30,1.8412,4.02
2025-12-31,1.8473,4.18
2026-01-31,1.8112,4.26
2026-02-28,1.7753,3.97
2026-03-31,1.8171,4.3
2026-04-30,1.7473,4.4000
2026-05-31,1.7090,4.4500
