fund_code,index_code,date,nav_unit,nav_accum,daily_return_pct,div_yield_fund_ttm_pct,div_yield_index_did_pct
007751,931157,2019-09-06,1.0000,1.0000,0.0000,,3.4213
007751,931157,2019-09-12,1.0001,1.0001,0.0000,,3.3616
007751,931157,2019-09-20,1.0003,1.0003,0.0000,,3.3886
007751,931157,2019-09-27,0.9860,0.9860,0.0000,,3.4203
007751,931157,2019-09-30,0.9839,0.9839,-0.2130,,3.4376
007751,931157,2019-10-11,1.0108,1.0108,0.0000,,3.3420
007751,931157,2019-10-18,1.0064,1.0064,0.0000,,3.3478
007751,931157,2019-10-25,1.0093,1.0093,0.0000,,3.3236
007751,931157,2019-11-01,1.0066,1.0066,0.0000,,3.3033
007751,931157,2019-11-08,1.0123,1.0123,0.0000,,3.2956
007751,931157,2019-11-15,0.9859,0.9859,0.0000,,3.3811
007751,931157,2019-11-18,0.9920,0.9920,0.6187,,3.3520
007751,931157,2019-11-19,1.0014,1.0014,0.9476,,3.3318
007751,931157,2019-11-20,0.9949,0.9949,-0.6491,,3.3578
007751,931157,2019-11-21,0.9906,0.9906,-0.4322,,3.3831
007751,931157,2019-11-22,0.9893,0.9893,-0.1312,,3.3979
007751,931157,2019-11-25,1.0013,1.0013,1.2130,,3.3595
007751,931157,2019-11-26,1.0001,1.0001,-0.1198,,3.3669
007751,931157,2019-11-27,0.9981,0.9981,-0.2000,,3.3695
007751,931157,2019-11-28,0.9950,0.9950,-0.3106,,3.3867
007751,931157,2019-11-29,0.9917,0.9917,-0.3317,,3.4290
007751,931157,2019-12-02,0.9934,0.9934,0.1714,,3.4233
007751,931157,2019-12-03,0.9958,0.9958,0.2416,,3.4188
007751,931157,2019-12-04,0.9928,0.9928,-0.3013,,3.4314
007751,931157,2019-12-05,0.9991,0.9991,0.6346,,3.4149
007751,931157,2019-12-06,1.0001,1.0001,0.1001,,3.4007
007751,931157,2019-12-09,1.0055,1.0055,0.5399,,3.3981
007751,931157,2019-12-10,1.0030,1.0030,-0.2486,,3.4035
007751,931157,2019-12-11,1.0064,1.0064,0.3390,,3.3949
007751,931157,2019-12-12,1.0052,1.0052,-0.1192,,3.4000
007751,931157,2019-12-13,1.0175,1.0175,1.2236,,
007751,931157,2019-12-16,1.0167,1.0167,-0.0786,,3.4614
007751,931157,2019-12-17,1.0270,1.0270,1.0131,,3.4236
007751,931157,2019-12-18,1.0248,1.0248,-0.2142,,3.4215
007751,931157,2019-12-19,1.0255,1.0255,0.0683,,3.4253
007751,931157,2019-12-20,1.0237,1.0237,-0.1755,,3.4234
007751,931157,2019-12-23,1.0191,1.0191,-0.4494,,3.4325
007751,931157,2019-12-26,1.0208,1.0208,0.0000,,3.4270
007751,931157,2019-12-27,1.0272,1.0272,0.6270,,3.3981
007751,931157,2019-12-30,1.0321,1.0321,0.4770,,3.3852
007751,931157,2019-12-31,1.0325,1.0325,0.0388,,3.3858
007751,931157,2020-01-02,1.0454,1.0454,1.2494,,3.3400
007751,931157,2020-01-03,1.0445,1.0445,-0.0861,,3.3600
007751,931157,2020-01-06,1.0378,1.0378,-0.6415,,3.3857
007751,931157,2020-01-07,1.0415,1.0415,0.3565,,3.3832
007751,931157,2020-01-08,1.0260,1.0260,-1.4882,,3.4236
007751,931157,2020-01-09,1.0383,1.0383,1.1988,,3.3844
007751,931157,2020-01-10,1.0372,1.0372,-0.1059,,3.3828
007751,931157,2020-01-13,1.0397,1.0397,0.2410,,3.3599
007751,931157,2020-01-14,1.0369,1.0369,-0.2693,,3.3645
007751,931157,2020-01-15,1.0303,1.0303,-0.6365,,3.3829
007751,931157,2020-01-16,1.0255,1.0305,0.0194,0.4876,3.3826
007751,931157,2020-01-17,1.0291,1.0341,0.3510,0.4859,3.3601
007751,931157,2020-01-20,1.0238,1.0288,-0.5150,0.4884,3.3878
007751,931157,2020-01-21,1.0017,1.0067,-2.1586,0.4992,3.4810
007751,931157,2020-01-22,1.0111,1.0161,0.9384,0.4945,3.4485
007751,931157,2020-01-23,0.9879,0.9929,-2.2945,0.5061,3.5247
007751,931157,2020-02-03,0.9250,0.9300,-6.3670,0.5405,3.7734
007751,931157,2020-02-04,0.9431,0.9481,1.9568,0.5302,3.6975
007751,931157,2020-02-05,0.9516,0.9566,0.9013,0.5254,3.6762
007751,931157,2020-02-06,0.9728,0.9778,2.2278,0.5140,3.5968
007751,931157,2020-02-07,0.9684,0.9734,-0.4523,0.5163,3.6097
007751,931157,2020-02-10,0.9718,0.9768,0.3511,0.5145,3.6185
007751,931157,2020-02-11,0.9768,0.9818,0.5145,0.5119,3.5740
007751,931157,2020-02-12,0.9809,0.9859,0.4197,0.5097,3.5560
007751,931157,2020-02-13,0.9770,0.9820,-0.3976,0.5118,3.5810
007751,931157,2020-02-14,0.9802,0.9852,0.3275,0.5101,3.5633
007751,931157,2020-02-17,0.9883,0.9933,0.8264,0.5059,3.5294
007751,931157,2020-02-18,0.9823,0.9873,-0.6071,0.5090,3.5654
007751,931157,2020-02-19,0.9858,0.9908,0.3563,0.5072,3.5479
007751,931157,2020-02-20,0.9894,0.9944,0.3652,0.5054,3.5336
007751,931157,2020-02-21,0.9857,0.9907,-0.3740,0.5073,3.5614
007751,931157,2020-02-24,0.9727,0.9777,-1.3189,0.5140,3.6215
007751,931157,2020-02-25,0.9653,0.9703,-0.7608,0.5180,3.6416
007751,931157,2020-02-26,0.9657,0.9707,0.0414,0.5178,3.6464
007751,931157,2020-02-27,0.9742,0.9792,0.8802,0.5132,3.6113
007751,931157,2020-02-28,0.9498,0.9548,-2.5046,0.5264,3.7009
007751,931157,2020-03-02,0.9708,0.9758,2.2110,0.5150,3.6217
007751,931157,2020-03-03,0.9707,0.9757,-0.0103,0.5151,3.6939
007751,931157,2020-03-04,0.9762,0.9812,0.5666,0.5122,3.6865
007751,931157,2020-03-05,0.9869,0.9919,1.0961,0.5066,3.5650
007751,931157,2020-03-06,0.9690,0.9740,-1.8138,0.5160,3.6490
007751,931157,2020-03-09,0.9353,0.9403,-3.4778,0.5346,3.7811
007751,931157,2020-03-10,0.9459,0.9509,1.1333,0.5286,3.7172
007751,931157,2020-03-11,0.9425,0.9475,-0.3594,0.5305,3.7394
007751,931157,2020-03-12,0.9219,0.9269,-2.1857,0.5424,3.8323
007751,931157,2020-03-13,0.9122,0.9172,-1.0522,0.5481,3.8834
007751,931157,2020-03-16,0.8828,0.8878,-3.2230,0.5664,4.0252
007751,931157,2020-03-17,0.8787,0.8837,-0.4644,0.5690,4.0404
007751,931157,2020-03-18,0.8565,0.8615,-2.5265,0.5838,4.1627
007751,931157,2020-03-19,0.8361,0.8411,-2.3818,0.5980,4.2917
007751,931157,2020-03-20,0.8691,0.8741,3.9469,0.5753,4.1278
007751,931157,2020-03-23,0.8401,0.8451,-3.3368,0.5952,4.2888
007751,931157,2020-03-24,0.8680,0.8730,3.3210,0.5760,4.1178
007751,931157,2020-03-25,0.8916,0.8966,2.7189,0.5608,3.9970
007751,931157,2020-03-26,0.8878,0.8928,-0.4262,0.5632,4.0139
007751,931157,2020-03-27,0.8932,0.8982,0.6082,0.5598,3.9780
007751,931157,2020-03-30,0.8881,0.8931,-0.5710,0.5630,4.0085
007751,931157,2020-03-31,0.9012,0.9062,1.4751,0.5548,3.9661
007751,931157,2020-04-01,0.8879,0.8929,-1.4758,0.5631,4.0302
007751,931157,2020-04-02,0.8925,0.8975,0.5181,0.5602,4.0145
007751,931157,2020-04-03,0.8908,0.8958,-0.1905,0.5613,4.0244
007751,931157,2020-04-07,0.9136,0.9186,2.5595,0.5473,3.9152
007751,931157,2020-04-08,0.9063,0.9113,-0.7990,0.5517,3.9566
007751,931157,2020-04-09,0.9148,0.9198,0.9379,0.5466,3.8718
007751,931157,2020-04-10,0.9109,0.9159,-0.4263,0.5489,3.8726
007751,931157,2020-04-13,0.9105,0.9155,-0.0439,0.5491,3.8772
007751,931157,2020-04-14,0.9164,0.9214,0.6480,0.5456,3.8477
007751,931157,2020-04-15,0.9077,0.9127,-0.9494,0.5508,3.8909
007751,931157,2020-04-16,0.9054,0.9104,-0.2534,0.5522,3.9267
007751,931157,2020-04-17,0.9144,0.9194,0.9940,0.5468,3.8753
007751,931157,2020-04-20,0.9154,0.9204,0.1094,0.5462,3.8719
007751,931157,2020-04-21,0.9051,0.9101,-1.1252,0.5524,3.9289
007751,931157,2020-04-22,0.9102,0.9152,0.5635,0.5493,3.9142
007751,931157,2020-04-23,0.9098,0.9148,-0.0439,0.5496,3.9071
007751,931157,2020-04-24,0.9039,0.9089,-0.6485,0.5532,3.9205
007751,931157,2020-04-27,0.9176,0.9226,1.5157,0.5449,3.8335
007751,931157,2020-04-28,0.9206,0.9256,0.3269,0.5431,3.7998
007751,931157,2020-04-29,0.9281,0.9331,0.8147,0.5387,3.7673
007751,931157,2020-04-30,0.9312,0.9362,0.3340,0.5369,3.7567
007751,931157,2020-05-06,0.9199,0.9249,-1.2135,0.5435,3.8340
007751,931157,2020-05-07,0.9177,0.9227,-0.2392,0.5448,3.8578
007751,931157,2020-05-08,0.9254,0.9304,0.8391,0.5403,3.9260
007751,931157,2020-05-11,0.9303,0.9353,0.5295,0.5375,3.9011
007751,931157,2020-05-12,0.9230,0.9280,-0.7847,0.5417,3.9375
007751,931157,2020-05-13,0.9211,0.9261,-0.2059,0.5428,3.9686
007751,931157,2020-05-14,0.9093,0.9143,-1.2811,0.5499,4.0679
007751,931157,2020-05-15,0.9087,0.9137,-0.0660,0.5502,4.0669
007751,931157,2020-05-18,0.9132,0.9182,0.4952,0.5475,3.9977
007751,931157,2020-05-19,0.9242,0.9292,1.2046,0.5410,4.0808
007751,931157,2020-05-20,0.9199,0.9249,-0.4653,0.5435,4.0906
007751,931157,2020-05-21,0.9156,0.9206,-0.4674,0.5461,4.1084
007751,931157,2020-05-22,0.8896,0.8946,-2.8397,0.5621,4.1835
007751,931157,2020-05-25,0.8939,0.8989,0.4834,0.5593,4.0717
007751,931157,2020-05-26,0.9011,0.9061,0.8055,0.5549,4.0385
007751,931157,2020-05-27,0.9013,0.9063,0.0222,0.5548,4.0405
007751,931157,2020-05-28,0.9033,0.9083,0.2219,0.5535,4.0176
007751,931157,2020-05-29,0.9047,0.9097,0.1550,0.5527,4.0106
007751,931157,2020-06-01,0.9221,0.9271,1.9233,0.5422,3.9086
007751,931157,2020-06-02,0.9255,0.9305,0.3687,0.5402,4.1053
007751,931157,2020-06-03,0.9275,0.9325,0.2161,0.5391,4.1056
007751,931157,2020-06-04,0.9270,0.9320,-0.0539,0.5394,3.9775
007751,931157,2020-06-05,0.9341,0.9391,0.7659,0.5353,3.8757
007751,931157,2020-06-08,0.9343,0.9393,0.0214,0.5352,3.8925
007751,931157,2020-06-09,0.9389,0.9439,0.4923,0.5325,3.8685
007751,931157,2020-06-10,0.9365,0.9415,-0.2556,0.5339,3.9400
007751,931157,2020-06-11,0.9201,0.9251,-1.7512,0.5434,4.0412
007751,931157,2020-06-12,0.9172,0.9222,-0.3152,0.5451,3.9705
007751,931157,2020-06-15,0.9105,0.9155,-0.7305,0.5491,3.6244
007751,931157,2020-06-16,0.9191,0.9241,0.9445,0.5440,3.5842
007751,931157,2020-06-17,0.9228,0.9278,0.4026,0.5418,3.5821
007751,931157,2020-06-18,0.9236,0.9286,0.0867,0.5414,3.5928
007751,931157,2020-06-19,0.9254,0.9304,0.1949,0.5403,3.6508
007751,931157,2020-06-22,0.9214,0.9264,-0.4322,0.5427,3.1128
007751,931157,2020-06-23,0.9196,0.9246,-0.1954,0.5437,3.1062
007751,931157,2020-06-24,0.9219,0.9269,0.2501,0.5424,3.4412
007751,931157,2020-06-29,0.9163,0.9213,-0.6074,0.5457,3.2381
007751,931157,2020-06-30,0.9239,0.9289,0.8294,0.5412,3.8045
007751,931157,2020-07-01,0.9402,0.9452,1.7643,0.5318,3.7494
007751,931157,2020-07-02,0.9641,0.9691,2.5420,0.5186,4.2742
007751,931157,2020-07-03,0.9803,0.9853,1.6803,0.5100,3.6359
007751,931157,2020-07-06,1.0393,1.0443,6.0186,0.4811,2.7907
007751,931157,2020-07-07,1.0347,1.0397,-0.4426,0.4832,2.9078
007751,931157,2020-07-08,1.0465,1.0515,1.1404,0.4778,2.9512
007751,931157,2020-07-09,1.0586,1.0636,1.1562,0.4723,2.9794
007751,931157,2020-07-10,1.0360,1.0410,-2.1349,0.4826,3.6592
007751,931157,2020-07-13,1.0506,1.0556,1.4093,0.4759,3.3932
007751,931157,2020-07-14,1.0414,1.0464,-0.8757,0.4801,3.5294
007751,931157,2020-07-15,1.0221,1.0271,-1.8533,0.4892,3.8118
007751,931157,2020-07-16,0.9965,1.0015,-2.5046,0.5018,3.9234
007751,931157,2020-07-17,0.9948,0.9998,-0.1706,0.5026,4.0578
007751,931157,2020-07-20,1.0266,1.0316,3.1966,0.4870,3.8740
007751,931157,2020-07-21,1.0221,1.0271,-0.4383,0.4892,3.8786
007751,931157,2020-07-22,1.0187,1.0237,-0.3326,0.4908,3.8939
007751,931157,2020-07-23,1.0131,1.0181,-0.5497,0.4935,4.0033
007751,931157,2020-07-24,0.9863,0.9913,-2.6453,0.5069,4.0629
007751,931157,2020-07-27,0.9837,0.9887,-0.2636,0.5083,4.0451
007751,931157,2020-07-28,0.9865,0.9915,0.2846,0.5068,4.0189
007751,931157,2020-07-29,1.0008,1.0058,1.4496,0.4996,3.9990
007751,931157,2020-07-30,1.0029,1.0079,0.2098,0.4986,4.0223
007751,931157,2020-07-31,1.0074,1.0124,0.4487,0.4963,4.0428
007751,931157,2020-08-03,1.0249,1.0299,1.7371,0.4879,3.9992
007751,931157,2020-08-04,1.0323,1.0373,0.7220,0.4844,3.9392
007751,931157,2020-08-05,1.0250,1.0300,-0.7072,0.4878,3.9681
007751,931157,2020-08-06,1.0229,1.0279,-0.2049,0.4888,3.9741
007751,931157,2020-08-07,1.0119,1.0169,-1.0754,0.4941,4.0396
007751,931157,2020-08-10,1.0245,1.0295,1.2452,0.4880,3.9941
007751,931157,2020-08-11,1.0162,1.0212,-0.8102,0.4920,3.9863
007751,931157,2020-08-12,1.0177,1.0227,0.1476,0.4913,3.9717
007751,931157,2020-08-13,1.0225,1.0275,0.4717,0.4890,3.9722
007751,931157,2020-08-14,1.0328,1.0378,1.0073,0.4841,4.0276
007751,931157,2020-08-17,1.0523,1.0573,1.8881,0.4751,3.8605
007751,931157,2020-08-18,1.0501,1.0551,-0.2091,0.4761,3.8718
007751,931157,2020-08-19,1.0384,1.0434,-1.1142,0.4815,3.8996
007751,931157,2020-08-20,1.0256,1.0306,-1.2327,0.4875,3.9531
007751,931157,2020-08-21,1.0302,1.0352,0.4485,0.4853,3.9359
007751,931157,2020-08-24,1.0294,1.0344,-0.0800,0.4857,3.9418
007751,931157,2020-08-25,1.0272,1.0322,-0.2100,0.4868,3.9357
007751,931157,2020-08-26,1.0176,1.0226,-0.9300,0.4914,3.9571
007751,931157,2020-08-27,1.0177,1.0227,0.0100,0.4913,3.9677
007751,931157,2020-08-28,1.0306,1.0356,1.2700,0.4852,3.9163
007751,931157,2020-08-31,1.0221,1.0271,-0.8200,0.4892,3.9427
007751,931157,2020-09-01,1.0238,1.0288,0.1700,0.4884,3.9369
007751,931157,2020-09-02,1.0191,1.0241,-0.4600,0.4906,3.9624
007751,931157,2020-09-03,1.0137,1.0187,-0.5300,0.4932,3.9703
007751,931157,2020-09-04,1.0076,1.0126,-0.6000,0.4962,3.9916
007751,931157,2020-09-07,1.0018,1.0068,-0.5800,0.4991,4.0246
007751,931157,2020-09-08,1.0156,1.0206,1.3800,0.4923,3.9792
007751,931157,2020-09-09,1.0066,1.0116,-0.8900,0.4967,4.0155
007751,931157,2020-09-10,0.9947,0.9997,-1.1800,0.5027,4.0197
007751,931157,2020-09-11,0.9974,1.0024,0.2700,0.5013,4.0129
007751,931157,2020-09-14,1.0032,1.0082,0.5800,0.4984,3.9979
007751,931157,2020-09-15,1.0019,1.0069,-0.1300,0.4991,3.9962
007751,931157,2020-09-16,1.0022,1.0072,0.0300,0.4989,4.0047
007751,931157,2020-09-17,0.9965,1.0015,-0.5700,0.5018,4.0429
007751,931157,2020-09-18,1.0173,1.0223,2.0900,0.4915,3.9725
007751,931157,2020-09-21,1.0104,1.0154,-0.6800,0.4949,4.0106
007751,931157,2020-09-22,0.9974,1.0024,-1.2900,0.5013,4.0470
007751,931157,2020-09-23,0.9949,0.9999,-0.2500,0.5026,4.0753
007751,931157,2020-09-24,0.9759,0.9809,-1.9100,0.5123,4.1343
007751,931157,2020-09-25,0.9721,0.9771,-0.3900,0.5144,4.1438
007751,931157,2020-09-28,0.9756,0.9806,0.3600,0.5125,4.1102
007751,931157,2020-09-29,0.9752,0.9802,-0.0400,0.5127,4.1320
007751,931157,2020-09-30,0.9696,0.9746,-0.5700,0.5157,4.1314
007751,931157,2020-10-09,0.9847,0.9897,1.5600,0.5078,4.1004
007751,931157,2020-10-12,1.0048,1.0098,2.0400,0.4976,3.9946
007751,931157,2020-10-13,1.0052,1.0102,0.0400,0.4974,4.0071
007751,931157,2020-10-14,0.9982,1.0032,-0.7000,0.5009,4.0180
007751,931157,2020-10-15,0.9975,1.0025,-0.0700,0.5013,4.0226
007751,931157,2020-10-16,1.0034,1.0084,0.5900,0.4983,3.9610
007751,931157,2020-10-19,1.0003,1.0053,-0.3100,0.4999,3.9538
007751,931157,2020-10-20,0.9992,1.0042,-0.1100,0.5004,3.9582
007751,931157,2020-10-21,1.0001,1.0051,0.0900,0.5000,3.9202
007751,931157,2020-10-22,0.9970,1.0020,-0.3100,0.5015,3.9116
007751,931157,2020-10-23,0.9979,1.0029,0.0900,0.5011,3.9161
007751,931157,2020-10-26,0.9892,0.9942,-0.8700,0.5055,3.9623
007751,931157,2020-10-27,0.9851,0.9901,-0.4100,0.5076,3.9930
007751,931157,2020-10-28,0.9836,0.9886,-0.1500,0.5083,4.0053
007751,931157,2020-10-29,0.9820,0.9870,-0.1600,0.5092,4.0139
007751,931157,2020-10-30,0.9679,0.9729,-1.4400,0.5166,4.0571
007751,931157,2020-11-02,0.9696,0.9746,0.1800,0.5157,4.0270
007751,931157,2020-11-03,0.9810,0.9860,1.1800,0.5097,3.9813
007751,931157,2020-11-04,0.9788,0.9838,-0.2200,0.5108,3.9682
007751,931157,2020-11-05,0.9910,0.9960,1.2500,0.5045,3.9255
007751,931157,2020-11-06,0.9901,0.9951,-0.0900,0.5050,3.9249
007751,931157,2020-11-09,1.0008,1.0058,1.0800,0.4996,3.8746
007751,931157,2020-11-10,0.9995,1.0045,-0.1300,0.5003,3.8550
007751,931157,2020-11-11,1.0076,1.0126,0.8100,0.4962,3.8128
007751,931157,2020-11-12,1.0023,1.0073,-0.5300,0.4989,3.8450
007751,931157,2020-11-13,0.9902,0.9952,-1.2100,0.5049,3.9173
007751,931157,2020-11-16,0.9995,1.0045,0.9400,0.5003,3.8995
007751,931157,2020-11-17,1.0049,1.0099,0.5400,0.4976,3.8791
007751,931157,2020-11-18,1.0107,1.0157,0.5800,0.4947,3.8498
007751,931157,2020-11-19,1.0127,1.0177,0.2000,0.4937,3.8337
007751,931157,2020-11-20,1.0105,1.0155,-0.2200,0.4948,3.8509
007751,931157,2020-11-23,1.0245,1.0295,1.3900,0.4880,3.7852
007751,931157,2020-11-24,1.0206,1.0256,-0.3800,0.4899,3.8124
007751,931157,2020-11-25,1.0131,1.0181,-0.7300,0.4935,3.8316
007751,931157,2020-11-26,1.0161,1.0211,0.3000,0.4921,3.7928
007751,931157,2020-11-27,1.0244,1.0294,0.8200,0.4881,3.7254
007751,931157,2020-11-30,1.0193,1.0243,-0.5000,0.4905,3.7664
007751,931157,2020-12-01,1.0351,1.0401,1.5500,0.4830,3.6961
007751,931157,2020-12-02,1.0339,1.0389,-0.1200,0.4836,3.7006
007751,931157,2020-12-03,1.0305,1.0355,-0.3300,0.4852,3.7189
007751,931157,2020-12-04,1.0236,1.0286,-0.6700,0.4885,3.7282
007751,931157,2020-12-07,1.0095,1.0145,-1.3800,0.4953,3.7796
007751,931157,2020-12-08,1.0031,1.0081,-0.6300,0.4985,3.7935
007751,931157,2020-12-09,0.9935,0.9985,-0.9600,0.5033,3.8063
007751,931157,2020-12-10,0.9920,0.9970,-0.1500,0.5040,3.8276
007751,931157,2020-12-11,0.9819,0.9869,-1.0200,0.5092,3.8520
007751,931157,2020-12-14,0.9820,0.9870,0.0100,0.5092,2.7562
007751,931157,2020-12-15,0.9813,0.9863,-0.0700,0.5095,2.7614
007751,931157,2020-12-16,0.9794,0.9844,-0.1900,0.5105,2.7459
007751,931157,2020-12-17,0.9861,0.9911,0.6800,0.5070,2.7132
007751,931157,2020-12-18,0.9901,0.9951,0.4100,0.5050,2.7123
007751,931157,2020-12-21,0.9904,0.9954,0.0300,0.5048,2.7188
007751,931157,2020-12-22,0.9715,0.9765,-1.9100,0.5147,2.7638
007751,931157,2020-12-23,0.9722,0.9772,0.0700,0.5143,2.7422
007751,931157,2020-12-24,0.9661,0.9711,-0.6300,0.5175,2.7534
007751,931157,2020-12-25,0.9737,0.9787,0.7900,0.5135,2.7334
007751,931157,2020-12-28,0.9715,0.9765,-0.2300,0.5147,2.7202
007751,931157,2020-12-29,0.9690,0.9740,-0.2600,0.5160,2.7255
007751,931157,2020-12-30,0.9712,0.9762,0.2300,0.5148,2.7174
007751,931157,2020-12-31,0.9796,0.9846,0.8600,0.5104,2.6780
007751,931157,2021-01-04,0.9824,0.9874,0.2900,0.5090,2.6837
007751,931157,2021-01-05,0.9819,0.9869,-0.0500,0.5092,2.6601
007751,931157,2021-01-06,0.9832,0.9882,0.1300,0.5085,2.6481
007751,931157,2021-01-07,0.9749,0.9799,-0.8400,0.5129,2.6234
007751,931157,2021-01-08,0.9790,0.9840,0.4200,0.5107,2.6245
007751,931157,2021-01-11,0.9628,0.9678,-1.6500,0.5193,2.6634
007751,931157,2021-01-12,0.9752,0.9802,1.2900,0.5127,2.5890
007751,931157,2021-01-13,0.9766,0.9816,0.1400,0.5120,2.5866
007751,931157,2021-01-14,0.9828,0.9878,0.6300,0.5088,2.6117
007751,931157,2021-01-15,0.9851,0.9901,0.2300,,2.6046
007751,931157,2021-01-18,0.9936,0.9986,0.8600,,2.5827
007751,931157,2021-01-19,0.9959,1.0009,0.2300,,2.6054
007751,931157,2021-01-20,0.9905,0.9955,-0.5400,,2.6213
007751,931157,2021-01-21,0.9918,0.9968,0.1300,,2.6045
007751,931157,2021-01-22,0.9786,0.9836,-1.3300,,2.6331
007751,931157,2021-01-25,0.9703,0.9753,-0.8500,,2.6235
007751,931157,2021-01-26,0.9653,0.9703,-0.5200,,2.6685
007751,931157,2021-01-27,0.9696,0.9746,0.4500,,2.6572
007751,931157,2021-01-28,0.9562,0.9612,-1.3800,,2.7259
007751,931157,2021-01-29,0.9507,0.9557,-0.5800,,2.7456
007751,931157,2021-02-01,0.9571,0.9621,0.6700,,2.7127
007751,931157,2021-02-02,0.9615,0.9665,0.4600,,2.7030
007751,931157,2021-02-03,0.9558,0.9608,-0.5900,,2.7293
007751,931157,2021-02-04,0.9442,0.9492,-1.2100,,2.7451
007751,931157,2021-02-05,0.9411,0.9461,-0.3300,,2.7383
007751,931157,2021-02-08,0.9487,0.9537,0.8100,,2.7076
007751,931157,2021-02-09,0.9614,0.9664,1.3400,,2.6592
007751,931157,2021-02-10,0.9610,0.9660,-0.0400,,2.6278
007751,931157,2021-02-18,0.9822,0.9872,2.2100,,2.6075
007751,931157,2021-02-19,1.0054,1.0104,2.3600,,2.5656
007751,931157,2021-02-22,1.0101,1.0151,0.4700,,2.5965
007751,931157,2021-02-23,1.0045,1.0095,-0.5500,,2.5974
007751,931157,2021-02-24,0.9966,1.0016,-0.7900,,2.6125
007751,931157,2021-02-25,1.0069,1.0119,1.0300,,2.5643
007751,931157,2021-02-26,0.9921,0.9971,-1.4700,,2.6171
007751,931157,2021-03-01,1.0070,1.0120,1.5000,,2.5757
007751,931157,2021-03-02,1.0059,1.0109,-0.1100,,2.5893
007751,931157,2021-03-03,1.0243,1.0293,1.8300,,2.5482
007751,931157,2021-03-04,1.0197,1.0247,-0.4500,,2.5927
007751,931157,2021-03-05,1.0141,1.0191,-0.5500,,2.6128
007751,931157,2021-03-08,1.0051,1.0101,-0.8900,,2.6512
007751,931157,2021-03-09,0.9962,1.0012,-0.8900,,2.6935
007751,931157,2021-03-10,0.9905,0.9955,-0.5700,,2.6941
007751,931157,2021-03-11,1.0056,1.0106,1.5200,,2.6377
007751,931157,2021-03-12,1.0165,1.0215,1.0800,,2.6212
007751,931157,2021-03-15,1.0223,1.0273,0.5700,,2.6409
007751,931157,2021-03-16,1.0261,1.0311,0.3700,,2.6205
007751,931157,2021-03-17,1.0222,1.0272,-0.3800,,2.6307
007751,931157,2021-03-18,1.0254,1.0304,0.3100,,2.6212
007751,931157,2021-03-19,1.0190,1.0240,-0.6200,,2.6689
007751,931157,2021-03-22,1.0333,1.0383,1.4000,,2.6366
007751,931157,2021-03-23,1.0234,1.0284,-0.9600,,2.6617
007751,931157,2021-03-24,1.0120,1.0170,-1.1100,,2.7009
007751,931157,2021-03-25,1.0089,1.0139,-0.3100,,2.7090
007751,931157,2021-03-26,1.0180,1.0230,0.9000,,2.6783
007751,931157,2021-03-29,1.0263,1.0313,0.8200,,2.6745
007751,931157,2021-03-30,1.0232,1.0282,-0.3000,,2.6700
007751,931157,2021-03-31,1.0279,1.0329,0.4600,,2.6880
007751,931157,2021-04-01,1.0291,1.0341,0.1200,,2.6648
007751,931157,2021-04-02,1.0241,1.0291,-0.4900,,2.6650
007751,931157,2021-04-06,1.0260,1.0310,0.1900,,2.6782
007751,931157,2021-04-07,1.0307,1.0357,0.4600,,2.6813
007751,931157,2021-04-08,1.0256,1.0306,-0.4900,,2.6892
007751,931157,2021-04-09,1.0236,1.0286,-0.2000,,2.7195
007751,931157,2021-04-12,1.0187,1.0237,-0.4800,,2.7480
007751,931157,2021-04-13,1.0104,1.0154,-0.8100,,2.7712
007751,931157,2021-04-14,1.0181,1.0231,0.7600,,2.7477
007751,931157,2021-04-15,1.0162,1.0212,-0.1900,,2.7631
007751,931157,2021-04-16,1.0320,1.0370,1.5500,,2.7400
007751,931157,2021-04-19,1.0353,1.0403,0.3200,,2.7124
007751,931157,2021-04-20,1.0310,1.0360,-0.4200,,2.7278
007751,931157,2021-04-21,1.0294,1.0344,-0.1600,,2.7436
007751,931157,2021-04-22,1.0320,1.0370,0.2500,,3.0368
007751,931157,2021-04-23,1.0272,1.0322,-0.4700,,3.0279
007751,931157,2021-04-26,1.0225,1.0275,-0.4600,,3.0709
007751,931157,2021-04-27,1.0196,1.0246,-0.2800,,3.0725
007751,931157,2021-04-28,1.0266,1.0316,0.6900,,3.0660
007751,931157,2021-04-29,1.0250,1.0300,-0.1600,,3.0436
007751,931157,2021-04-30,1.0132,1.0182,-1.1500,,3.0852
007751,931157,2021-05-06,1.0184,1.0234,0.5100,,3.1044
007751,931157,2021-05-07,1.0233,1.0283,0.4800,,3.1132
007751,931157,2021-05-10,1.0277,1.0327,0.4300,,2.8223
007751,931157,2021-05-11,1.0246,1.0296,-0.3000,,3.0151
007751,931157,2021-05-12,1.0275,1.0325,0.2800,,3.0250
007751,931157,2021-05-13,1.0178,1.0228,-0.9400,,3.0749
007751,931157,2021-05-14,1.0271,1.0321,0.9100,,3.0251
007751,931157,2021-05-17,1.0253,1.0303,-0.1800,,3.0154
007751,931157,2021-05-18,1.0289,1.0339,0.3500,,3.0358
007751,931157,2021-05-19,1.0227,1.0277,-0.6000,,3.0548
007751,931157,2021-05-20,1.0176,1.0226,-0.5000,,3.0226
007751,931157,2021-05-21,1.0173,1.0223,-0.0300,,3.0212
007751,931157,2021-05-24,1.0176,1.0226,0.0300,,3.0106
007751,931157,2021-05-25,1.0233,1.0283,0.5600,,2.9669
007751,931157,2021-05-26,1.0286,1.0336,0.5200,,2.9420
007751,931157,2021-05-27,1.0322,1.0372,0.3500,,2.9359
007751,931157,2021-05-28,1.0308,1.0358,-0.1400,,2.9650
007751,931157,2021-05-31,1.0329,1.0379,0.2000,,2.7676
007751,931157,2021-06-01,1.0358,1.0408,0.2800,,2.7752
007751,931157,2021-06-02,1.0364,1.0414,0.0600,,2.8222
007751,931157,2021-06-03,1.0391,1.0441,0.2600,,2.6146
007751,931157,2021-06-04,1.0399,1.0449,0.0800,,2.6439
007751,931157,2021-06-07,1.0374,1.0424,-0.2400,,2.6791
007751,931157,2021-06-08,1.0313,1.0363,-0.5900,,2.7278
007751,931157,2021-06-09,1.0347,1.0397,0.3300,,2.7554
007751,931157,2021-06-10,1.0353,1.0403,0.0600,,2.8039
007751,931157,2021-06-11,1.0292,1.0342,-0.5900,,2.8178
007751,931157,2021-06-15,1.0191,1.0241,-0.9800,,3.9650
007751,931157,2021-06-16,1.0134,1.0184,-0.5600,,3.9166
007751,931157,2021-06-17,1.0125,1.0175,-0.0900,,3.9715
007751,931157,2021-06-18,1.0153,1.0203,0.2800,,4.0713
007751,931157,2021-06-21,1.0221,1.0271,0.6700,,4.0492
007751,931157,2021-06-22,1.0302,1.0352,0.7900,,4.0387
007751,931157,2021-06-23,1.0316,1.0366,0.1400,,4.0113
007751,931157,2021-06-24,1.0354,1.0404,0.3700,,3.9986
007751,931157,2021-06-25,1.0348,1.0398,-0.0600,,3.7948
007751,931157,2021-06-28,1.0342,1.0392,-0.0600,,3.8033
007751,931157,2021-06-29,1.0241,1.0291,-0.9800,,3.8428
007751,931157,2021-06-30,1.0253,1.0303,0.1200,,4.3235
007751,931157,2021-07-01,1.0227,1.0277,-0.2500,,4.0424
007751,931157,2021-07-02,1.0169,1.0219,-0.5700,,4.0911
007751,931157,2021-07-05,1.0149,1.0199,-0.2000,,2.7354
007751,931157,2021-07-06,1.0176,1.0226,0.2700,,2.7967
007751,931157,2021-07-07,1.0138,1.0239,0.1300,0.5031,4.2886
007751,931157,2021-07-08,1.0032,1.0133,-1.0500,0.5084,4.0337
007751,931157,2021-07-09,1.0091,1.0192,0.5900,0.5054,3.9894
007751,931157,2021-07-12,1.0144,1.0245,0.5300,0.5028,3.9180
007751,931157,2021-07-13,1.0218,1.0319,0.7300,0.4991,3.8861
007751,931157,2021-07-14,1.0181,1.0282,-0.3600,0.5009,4.0110
007751,931157,2021-07-15,1.0190,1.0291,0.0900,0.5005,3.9701
007751,931157,2021-07-16,1.0175,1.0276,-0.1500,0.5012,4.0491
007751,931157,2021-07-19,1.0149,1.0250,-0.2600,0.5025,4.0415
007751,931157,2021-07-20,1.0111,1.0212,-0.3700,0.5044,4.0695
007751,931157,2021-07-21,1.0123,1.0224,0.1200,0.5038,4.0249
007751,931157,2021-07-22,1.0174,1.0275,0.5000,0.5013,3.9901
007751,931157,2021-07-23,1.0120,1.0221,-0.5300,0.5040,4.0533
007751,931157,2021-07-26,0.9980,1.0081,-1.3800,0.5110,4.0868
007751,931157,2021-07-27,0.9818,0.9919,-1.6200,0.5195,4.1502
007751,931157,2021-07-28,0.9705,0.9806,-1.1500,0.5255,4.1099
007751,931157,2021-07-29,0.9753,0.9854,0.4900,0.5229,4.2516
007751,931157,2021-07-30,0.9811,0.9912,0.5900,0.5198,4.2259
007751,931157,2021-08-02,1.0010,1.0111,2.0300,0.5095,4.1533
007751,931157,2021-08-03,1.0060,1.0161,0.5000,0.5070,4.0967
007751,931157,2021-08-04,1.0068,1.0169,0.0800,0.5066,4.1513
007751,931157,2021-08-05,1.0031,1.0132,-0.3700,0.5084,4.1653
007751,931157,2021-08-06,1.0032,1.0133,0.0100,0.5084,4.1731
007751,931157,2021-08-09,1.0180,1.0281,1.4800,0.5010,4.0362
007751,931157,2021-08-10,1.0263,1.0364,0.8200,0.4969,4.0146
007751,931157,2021-08-11,1.0291,1.0392,0.2700,0.4956,3.9779
007751,931157,2021-08-12,1.0251,1.0352,-0.3900,0.4975,4.0113
007751,931157,2021-08-13,1.0300,1.0401,0.4800,0.4951,4.0399
007751,931157,2021-08-16,1.0373,1.0474,0.7100,0.4917,3.9246
007751,931157,2021-08-17,1.0220,1.0321,-1.4700,0.4990,3.9608
007751,931157,2021-08-18,1.0385,1.0486,1.6100,0.4911,3.8918
007751,931157,2021-08-19,1.0278,1.0379,-1.0300,0.4962,3.9333
007751,931157,2021-08-20,1.0236,1.0337,-0.4100,0.4982,4.1221
007751,931157,2021-08-23,1.0356,1.0457,1.1700,0.4925,3.9638
007751,931157,2021-08-24,1.0446,1.0547,0.8700,0.4882,3.9372
007751,931157,2021-08-25,1.0509,1.0610,0.6000,0.4853,3.9474
007751,931157,2021-08-26,1.0510,1.0611,0.0100,0.4853,4.2204
007751,931157,2021-08-27,1.0598,1.0699,0.8400,0.4812,4.2165
007751,931157,2021-08-30,1.0618,1.0719,0.1900,0.4803,4.2441
007751,931157,2021-08-31,1.0764,1.0865,1.3800,0.4738,4.1774
007751,931157,2021-09-01,1.0822,1.0923,0.5400,0.4713,4.0966
007751,931157,2021-09-02,1.1023,1.1124,1.8600,0.4627,4.0509
007751,931157,2021-09-03,1.1023,1.1124,0.0000,0.4627,4.0559
007751,931157,2021-09-06,1.1144,1.1245,1.1000,0.4576,3.9897
007751,931157,2021-09-07,1.1302,1.1403,1.4200,0.4512,3.9470
007751,931157,2021-09-08,1.1446,1.1547,1.2700,0.4456,3.9248
007751,931157,2021-09-09,1.1590,1.1691,1.2600,0.4400,3.8944
007751,931157,2021-09-10,1.1555,1.1656,-0.3000,0.4414,3.8936
007751,931157,2021-09-13,1.1665,1.1766,0.9500,0.4372,3.8752
007751,931157,2021-09-14,1.1388,1.1489,-2.3700,0.4478,3.9841
007751,931157,2021-09-15,1.1415,1.1516,0.2400,0.4468,4.0094
007751,931157,2021-09-16,1.1274,1.1375,-1.2400,0.4524,4.0582
007751,931157,2021-09-17,1.1259,1.1360,-0.1300,0.4530,4.0345
007751,931157,2021-09-22,1.1365,1.1466,0.9400,0.4487,4.0609
007751,931157,2021-09-23,1.1528,1.1629,1.4300,0.4424,3.9982
007751,931157,2021-09-24,1.1259,1.1360,-2.3300,0.4530,4.0694
007751,931157,2021-09-27,1.0916,1.1017,-3.0500,0.4672,4.1514
007751,931157,2021-09-28,1.1037,1.1138,1.1100,0.4621,4.1158
007751,931157,2021-09-29,1.0757,1.0858,-2.5400,0.4741,4.1345
007751,931157,2021-09-30,1.0848,1.0949,0.8500,0.4701,4.1336
007751,931157,2021-10-08,1.0874,1.0975,0.2400,0.4690,4.1328
007751,931157,2021-10-11,1.0737,1.0838,-1.2600,0.4750,4.1708
007751,931157,2021-10-12,1.0508,1.0609,-2.1300,0.4853,4.2306
007751,931157,2021-10-13,1.0333,1.0542,-0.6400,1.5388,4.2461
007751,931157,2021-10-14,1.0357,1.0566,0.2300,1.5352,4.2558
007751,931157,2021-10-15,1.0309,1.0518,-0.4600,1.5423,4.2585
007751,931157,2021-10-18,1.0384,1.0593,0.7300,1.5312,4.2349
007751,931157,2021-10-19,1.0463,1.0672,0.7600,1.5196,4.2026
007751,931157,2021-10-20,1.0451,1.0660,-0.1100,1.5214,4.2273
007751,931157,2021-10-21,1.0470,1.0679,0.1800,1.5186,4.2143
007751,931157,2021-10-22,1.0361,1.0570,-1.0400,1.5346,4.2252
007751,931157,2021-10-25,1.0465,1.0674,1.0000,1.5194,4.2092
007751,931157,2021-10-26,1.0435,1.0644,-0.2900,1.5237,4.2309
007751,931157,2021-10-27,1.0348,1.0557,-0.8300,1.5365,4.2905
007751,931157,2021-10-28,1.0250,1.0459,-0.9500,1.5512,4.3210
007751,931157,2021-10-29,1.0350,1.0559,0.9800,1.5362,4.2955
007751,931157,2021-11-01,1.0446,1.0655,0.9300,1.5221,4.2332
007751,931157,2021-11-02,1.0261,1.0470,-1.7700,1.5496,4.3059
007751,931157,2021-11-03,1.0306,1.0515,0.4400,1.5428,4.3038
007751,931157,2021-11-04,1.0376,1.0585,0.6800,1.5324,4.2967
007751,931157,2021-11-05,1.0214,1.0423,-1.5600,1.5567,4.3584
007751,931157,2021-11-08,1.0221,1.0430,0.0700,1.5556,4.3375
007751,931157,2021-11-09,1.0261,1.0470,0.3900,1.5496,4.3460
007751,931157,2021-11-10,1.0247,1.0456,-0.1400,1.5517,4.3563
007751,931157,2021-11-11,1.0337,1.0546,0.8800,1.5382,4.2912
007751,931157,2021-11-12,1.0315,1.0524,-0.2100,1.5414,4.3066
007751,931157,2021-11-15,1.0328,1.0537,0.1300,1.5395,4.3091
007751,931157,2021-11-16,1.0297,1.0506,-0.3000,1.5441,4.3264
007751,931157,2021-11-17,1.0359,1.0568,0.6000,1.5349,4.3283
007751,931157,2021-11-18,1.0332,1.0541,-0.2600,1.5389,4.3565
007751,931157,2021-11-19,1.0451,1.0660,1.1500,1.5214,4.3210
007751,931157,2021-11-22,1.0528,1.0737,0.7400,1.5103,4.3164
007751,931157,2021-11-23,1.0580,1.0789,0.4900,1.5028,4.3025
007751,931157,2021-11-24,1.0608,1.0817,0.2600,1.4989,4.2999
007751,931157,2021-11-25,1.0622,1.0831,0.1300,1.4969,4.3164
007751,931157,2021-11-26,1.0586,1.0795,-0.3400,1.5020,4.3555
007751,931157,2021-11-29,1.0549,1.0758,-0.3500,1.5073,4.3226
007751,931157,2021-11-30,1.0559,1.0768,0.0900,1.5058,4.3278
007751,931157,2021-12-01,1.0657,1.0866,0.9300,1.4920,4.2863
007751,931157,2021-12-02,1.0686,1.0895,0.2700,1.4879,4.2400
007751,931157,2021-12-03,1.0857,1.1066,1.6000,1.4645,4.1870
007751,931157,2021-12-06,1.0734,1.0943,-1.1300,1.4813,4.1884
007751,931157,2021-12-07,1.0755,1.0964,0.2000,1.4784,4.1516
007751,931157,2021-12-08,1.0815,1.1024,0.5600,1.4702,4.1591
007751,931157,2021-12-09,1.0852,1.1061,0.3400,1.4652,4.1201
007751,931157,2021-12-10,1.0748,1.0957,-0.9600,1.4793,4.1527
007751,931157,2021-12-13,1.0781,1.0990,0.3100,1.4748,4.9569
007751,931157,2021-12-14,1.0724,1.0933,-0.5300,1.4827,4.9931
007751,931157,2021-12-15,1.0752,1.0961,0.2600,1.4788,4.9838
007751,931157,2021-12-16,1.0800,1.1009,0.4500,1.4722,4.9686
007751,931157,2021-12-17,1.0802,1.1011,0.0200,1.4719,4.9547
007751,931157,2021-12-20,1.0787,1.0996,-0.1400,1.4740,4.9672
007751,931157,2021-12-21,1.0903,1.1112,1.0800,1.4583,4.9244
007751,931157,2021-12-22,1.0913,1.1122,0.0900,1.4570,4.9344
007751,931157,2021-12-23,1.0940,1.1149,0.2500,1.4534,4.9074
007751,931157,2021-12-24,1.0924,1.1133,-0.1500,1.4555,4.8974
007751,931157,2021-12-27,1.0941,1.1150,0.1600,1.4532,4.8946
007751,931157,2021-12-28,1.0940,1.1149,-0.0100,1.4534,4.8847
007751,931157,2021-12-29,1.0925,1.1134,-0.1400,1.4554,4.9020
007751,931157,2021-12-30,1.0946,1.1155,0.1900,1.4526,4.8903
007751,931157,2021-12-31,1.1034,1.1243,0.8000,1.4410,4.8723
007751,931157,2022-01-04,1.1219,1.1428,1.6800,1.4172,4.8133
007751,931157,2022-01-05,1.1204,1.1413,-0.1300,1.4191,4.7789
007751,931157,2022-01-06,1.1246,1.1455,0.3700,1.4138,4.8139
007751,931157,2022-01-07,1.1336,1.1545,0.8000,1.4026,4.7631
007751,931157,2022-01-10,1.1219,1.1635,0.7900,3.2623,4.7067
007751,931157,2022-01-11,1.1278,1.1694,0.5300,3.2453,4.6887
007751,931157,2022-01-12,1.1274,1.1690,-0.0400,3.2464,4.7028
007751,931157,2022-01-13,1.1266,1.1682,-0.0700,3.2487,4.6947
007751,931157,2022-01-14,1.1187,1.1603,-0.7000,3.2717,4.7455
007751,931157,2022-01-17,1.1183,1.1599,-0.0400,3.2728,4.7484
007751,931157,2022-01-18,1.1203,1.1619,0.1800,3.2670,4.7072
007751,931157,2022-01-19,1.1291,1.1707,0.7900,3.2415,4.6914
007751,931157,2022-01-20,1.1271,1.1687,-0.1800,3.2473,4.6766
007751,931157,2022-01-21,1.1208,1.1624,-0.5600,3.2655,4.6939
007751,931157,2022-01-24,1.1206,1.1622,-0.0200,3.2661,4.6868
007751,931157,2022-01-25,1.0965,1.1381,-2.1500,3.3379,4.7675
007751,931157,2022-01-26,1.0998,1.1414,0.3000,3.3279,4.7443
007751,931157,2022-01-27,1.0904,1.1320,-0.8500,3.3566,4.7736
007751,931157,2022-01-28,1.0901,1.1317,-0.0300,3.3575,4.7843
007751,931157,2022-02-07,1.1197,1.1613,2.7200,3.2687,4.6614
007751,931157,2022-02-08,1.1345,1.1761,1.3200,3.2261,4.6175
007751,931157,2022-02-09,1.1412,1.1828,0.5900,3.2072,4.5936
007751,931157,2022-02-10,1.1486,1.1902,0.6500,3.1865,4.5707
007751,931157,2022-02-11,1.1335,1.1751,-1.3100,3.2289,4.5726
007751,931157,2022-02-14,1.1199,1.1615,-1.2000,3.2681,4.6421
007751,931157,2022-02-15,1.1089,1.1505,-0.9800,3.3006,4.7120
007751,931157,2022-02-16,1.1205,1.1621,1.0500,3.2664,4.6695
007751,931157,2022-02-17,1.1135,1.1551,-0.6200,3.2869,4.6896
007751,931157,2022-02-18,1.1275,1.1691,1.2600,3.2461,4.6444
007751,931157,2022-02-21,1.1303,1.1719,0.2500,3.2381,4.6273
007751,931157,2022-02-22,1.1190,1.1606,-1.0000,3.2708,4.6854
007751,931157,2022-02-23,1.1157,1.1573,-0.2900,3.2805,4.7040
007751,931157,2022-02-24,1.0904,1.1320,-2.2700,3.3566,4.8022
007751,931157,2022-02-25,1.0884,1.1300,-0.1800,3.3627,4.8222
007751,931157,2022-02-28,1.0887,1.1303,0.0300,3.3618,4.5464
007751,931157,2022-03-01,1.0936,1.1352,0.4500,3.3467,4.7762
007751,931157,2022-03-02,1.0918,1.1334,-0.1600,3.3523,4.7823
007751,931157,2022-03-03,1.1049,1.1465,1.2000,3.3125,4.7242
007751,931157,2022-03-04,1.0974,1.1390,-0.6800,3.3352,4.7485
007751,931157,2022-03-07,1.0826,1.1242,-1.3500,3.3808,4.8324
007751,931157,2022-03-08,1.0587,1.1003,-2.2100,3.4571,4.9423
007751,931157,2022-03-09,1.0498,1.0914,-0.8400,3.4864,4.9990
007751,931157,2022-03-10,1.0660,1.1076,1.5400,3.4334,4.9367
007751,931157,2022-03-11,1.0676,1.1092,0.1500,3.4283,4.9079
007751,931157,2022-03-14,1.0494,1.0910,-1.7000,3.4877,4.9617
007751,931157,2022-03-15,1.0003,1.0419,-4.6800,3.6589,5.1825
007751,931157,2022-03-16,1.0242,1.0658,2.3900,3.5735,5.0861
007751,931157,2022-03-17,1.0530,1.0946,2.8100,3.4758,4.9868
007751,931157,2022-03-18,1.0688,1.1104,1.5000,3.4244,4.9072
007751,931157,2022-03-21,1.0650,1.1066,-0.3600,3.4366,4.9518
007751,931157,2022-03-22,1.0724,1.1140,0.6900,3.4129,4.8997
007751,931157,2022-03-23,1.0712,1.1128,-0.1100,3.4167,4.9037
007751,931157,2022-03-24,1.0708,1.1124,-0.0400,3.4180,4.9091
007751,931157,2022-03-25,1.0687,1.1103,-0.2000,3.4247,4.9200
007751,931157,2022-03-28,1.0738,1.1154,0.4800,3.4085,4.8936
007751,931157,2022-03-29,1.0729,1.1145,-0.0800,3.4113,4.8922
007751,931157,2022-03-30,1.0890,1.1306,1.5000,3.3609,4.8178
007751,931157,2022-03-31,1.0928,1.1344,0.3500,3.3492,4.7826
007751,931157,2022-04-01,1.1072,1.1488,1.3200,3.3056,4.7161
007751,931157,2022-04-06,1.1265,1.1681,1.7400,3.2490,4.6634
007751,931157,2022-04-07,1.1076,1.1492,-1.6800,3.3044,4.7228
007751,931157,2022-04-08,1.1188,1.1604,1.0100,3.2714,4.6854
007751,931157,2022-04-11,1.0847,1.1435,-1.5100,4.9599,4.7452
007751,931157,2022-04-12,1.0868,1.1456,0.1900,4.9503,4.7331
007751,931157,2022-04-13,1.0799,1.1387,-0.6300,4.9819,4.7382
007751,931157,2022-04-14,1.0883,1.1471,0.7800,4.9435,4.7144
007751,931157,2022-04-15,1.0881,1.1469,-0.0200,4.9444,4.6978
007751,931157,2022-04-18,1.0805,1.1393,-0.7000,4.9792,4.7366
007751,931157,2022-04-19,1.0821,1.1409,0.1500,4.9718,4.7388
007751,931157,2022-04-20,1.0655,1.1243,-1.5300,5.0493,4.7849
007751,931157,2022-04-21,1.0507,1.1095,-1.3900,5.1204,4.8253
007751,931157,2022-04-22,1.0626,1.1214,1.1300,5.0631,4.7853
007751,931157,2022-04-25,1.0312,1.0900,-2.9600,5.2172,4.9361
007751,931157,2022-04-26,1.0306,1.0894,-0.0600,5.2203,4.9536
007751,931157,2022-04-27,1.0391,1.0979,0.8200,5.1776,4.9267
007751,931157,2022-04-28,1.0602,1.1190,2.0300,5.0745,4.8487
007751,931157,2022-04-29,1.0783,1.1371,1.7100,4.9893,4.7911
007751,931157,2022-05-05,1.0702,1.1290,-0.7500,5.0271,4.8311
007751,931157,2022-05-06,1.0505,1.1093,-1.8400,5.1214,4.9351
007751,931157,2022-05-09,1.0587,1.1175,0.7800,5.0817,4.9187
007751,931157,2022-05-10,1.0686,1.1274,0.9400,5.0346,4.8758
007751,931157,2022-05-11,1.0663,1.1251,-0.2200,5.0455,4.9004
007751,931157,2022-05-12,1.0650,1.1238,-0.1200,5.0516,4.9245
007751,931157,2022-05-13,1.0797,1.1385,1.3800,4.9829,4.8436
007751,931157,2022-05-16,1.0804,1.1392,0.0600,4.9796,4.8490
007751,931157,2022-05-17,1.0762,1.1350,-0.3900,4.9991,4.8725
007751,931157,2022-05-18,1.0723,1.1311,-0.3600,5.0173,4.9023
007751,931157,2022-05-19,1.0769,1.1357,0.4300,4.9958,4.8918
007751,931157,2022-05-20,1.0871,1.1459,0.9500,4.9489,4.8447
007751,931157,2022-05-23,1.0793,1.1381,-0.7200,4.9847,4.9438
007751,931157,2022-05-24,1.0570,1.1158,-2.0700,5.0899,5.0132
007751,931157,2022-05-25,1.0709,1.1297,1.3200,5.0238,4.9576
007751,931157,2022-05-26,1.0780,1.1368,0.6600,4.9907,5.0351
007751,931157,2022-05-27,1.0874,1.1462,0.8700,4.9476,4.9905
007751,931157,2022-05-30,1.0856,1.1444,-0.1700,4.9558,4.6855
007751,931157,2022-05-31,1.0864,1.1452,0.0700,4.9521,4.7143
007751,931157,2022-06-01,1.0867,1.1455,0.0300,4.9508,4.8314
007751,931157,2022-06-02,1.0841,1.1429,-0.2400,4.9626,4.8616
007751,931157,2022-06-06,1.0812,1.1400,-0.2700,4.9760,4.7681
007751,931157,2022-06-07,1.0824,1.1412,0.1100,4.9704,4.7739
007751,931157,2022-06-08,1.0810,1.1398,-0.1300,4.9769,4.9097
007751,931157,2022-06-09,1.0830,1.1418,0.1900,4.9677,4.9169
007751,931157,2022-06-10,1.0854,1.1442,0.2200,4.9567,4.8165
007751,931157,2022-06-13,1.0722,1.1310,-1.2200,5.0177,4.1316
007751,931157,2022-06-14,1.0812,1.1400,0.8400,4.9760,4.0849
007751,931157,2022-06-15,1.0878,1.1466,0.6100,4.9458,4.0868
007751,931157,2022-06-16,1.0787,1.1375,-0.8400,4.9875,4.3996
007751,931157,2022-06-17,1.0785,1.1373,-0.0200,4.9884,4.4714
007751,931157,2022-06-20,1.0798,1.1386,0.1200,4.9824,4.3632
007751,931157,2022-06-21,1.0813,1.1401,0.1400,4.9755,4.3205
007751,931157,2022-06-22,1.0681,1.1269,-1.2200,5.0370,4.3751
007751,931157,2022-06-23,1.0784,1.1372,0.9600,4.9889,4.3319
007751,931157,2022-06-24,1.0797,1.1385,0.1200,4.9829,4.3064
007751,931157,2022-06-27,1.0856,1.1444,0.5500,4.9558,4.2819
007751,931157,2022-06-28,1.0959,1.1547,0.9500,4.9092,4.2483
007751,931157,2022-06-29,1.0922,1.1510,-0.3400,4.9258,5.2715
007751,931157,2022-06-30,1.0977,1.1565,0.5000,4.9012,5.1929
007751,931157,2022-07-01,1.0985,1.1573,0.0700,4.8976,4.9666
007751,931157,2022-07-04,1.0996,1.1584,0.1000,4.8927,5.4769
007751,931157,2022-07-05,1.0976,1.1564,-0.1800,4.9016,5.4867
007751,931157,2022-07-06,1.0839,1.1427,-1.2500,4.9636,5.4166
007751,931157,2022-07-07,1.0667,1.1450,0.2100,6.3936,5.7158
007751,931157,2022-07-08,1.0681,1.1464,0.1300,6.3852,4.7939
007751,931157,2022-07-11,1.0644,1.1427,-0.3500,6.4074,4.6958
007751,931157,2022-07-12,1.0627,1.1410,-0.1600,6.4176,4.7268
007751,931157,2022-07-13,1.0593,1.1376,-0.3200,6.4382,4.8044
007751,931157,2022-07-14,1.0518,1.1301,-0.7100,6.4841,4.5699
007751,931157,2022-07-15,1.0363,1.1146,-1.4700,6.5811,5.1416
007751,931157,2022-07-18,1.0534,1.1317,1.6500,6.4743,4.7563
007751,931157,2022-07-19,1.0579,1.1362,0.4300,6.4467,4.7540
007751,931157,2022-07-20,1.0647,1.1430,0.6400,6.4056,4.7515
007751,931157,2022-07-21,1.0556,1.1339,-0.8500,6.4608,5.0580
007751,931157,2022-07-22,1.0548,1.1331,-0.0800,6.4657,4.9903
007751,931157,2022-07-25,1.0520,1.1303,-0.2700,6.4829,4.9622
007751,931157,2022-07-26,1.0644,1.1427,1.1800,6.4074,4.9831
007751,931157,2022-07-27,1.0628,1.1411,-0.1500,6.4170,4.9820
007751,931157,2022-07-28,1.0664,1.1447,0.3400,6.3953,4.9352
007751,931157,2022-07-29,1.0582,1.1365,-0.7700,6.4449,4.9707
007751,931157,2022-08-01,1.0561,1.1344,-0.2000,6.4577,5.0008
007751,931157,2022-08-02,1.0288,1.1071,-2.5800,6.6291,5.1226
007751,931157,2022-08-03,1.0192,1.0975,-0.9300,6.6915,5.1808
007751,931157,2022-08-04,1.0280,1.1063,0.8600,6.6342,5.1315
007751,931157,2022-08-05,1.0370,1.1153,0.8800,6.5767,5.1769
007751,931157,2022-08-08,1.0403,1.1186,0.3200,6.5558,5.1723
007751,931157,2022-08-09,1.0411,1.1194,0.0800,6.5508,5.1792
007751,931157,2022-08-10,1.0382,1.1165,-0.2800,6.5691,5.2227
007751,931157,2022-08-11,1.0555,1.1338,1.6700,6.4614,5.1374
007751,931157,2022-08-12,1.0575,1.1358,0.1900,6.4492,5.1149
007751,931157,2022-08-15,1.0532,1.1315,-0.4100,6.4755,5.1713
007751,931157,2022-08-16,1.0564,1.1347,0.3000,6.4559,5.1756
007751,931157,2022-08-17,1.0613,1.1396,0.4600,6.4261,5.1336
007751,931157,2022-08-18,1.0535,1.1318,-0.7300,6.4737,5.1928
007751,931157,2022-08-19,1.0547,1.1330,0.1100,6.4663,5.2276
007751,931157,2022-08-22,1.0617,1.1400,0.6600,6.4237,5.2144
007751,931157,2022-08-23,1.0614,1.1397,-0.0300,6.4255,5.2893
007751,931157,2022-08-24,1.0460,1.1243,-1.4500,6.5201,5.3045
007751,931157,2022-08-25,1.0589,1.1372,1.2300,6.4406,5.2337
007751,931157,2022-08-26,1.0593,1.1376,0.0400,6.4382,5.2455
007751,931157,2022-08-29,1.0608,1.1391,0.1400,6.4291,5.2564
007751,931157,2022-08-30,1.0616,1.1399,0.0800,6.4243,5.2439
007751,931157,2022-08-31,1.0542,1.1325,-0.7000,6.4694,5.1896
007751,931157,2022-09-01,1.0551,1.1334,0.0900,6.4638,5.2737
007751,931157,2022-09-02,1.0546,1.1329,-0.0500,6.4669,5.2967
007751,931157,2022-09-05,1.0600,1.1383,0.5100,6.4340,5.2466
007751,931157,2022-09-06,1.0689,1.1472,0.8400,6.3804,5.2411
007751,931157,2022-09-07,1.0653,1.1436,-0.3400,6.4020,5.2657
007751,931157,2022-09-08,1.0649,1.1432,-0.0400,6.4044,5.2640
007751,931157,2022-09-09,1.0754,1.1537,0.9900,6.3418,5.1664
007751,931157,2022-09-13,1.0729,1.1512,-0.2300,6.3566,5.1495
007751,931157,2022-09-14,1.0638,1.1421,-0.8500,6.4110,5.2032
007751,931157,2022-09-15,1.0601,1.1384,-0.3500,6.4334,5.1771
007751,931157,2022-09-16,1.0368,1.1151,-2.2000,6.5779,5.2664
007751,931157,2022-09-19,1.0353,1.1136,-0.1400,6.5875,5.2604
007751,931157,2022-09-20,1.0370,1.1153,0.1600,6.5767,5.2886
007751,931157,2022-09-21,1.0406,1.1189,0.3500,6.5539,5.2924
007751,931157,2022-09-22,1.0368,1.1151,-0.3700,6.5779,5.3191
007751,931157,2022-09-23,1.0328,1.1111,-0.3900,6.6034,5.3145
007751,931157,2022-09-26,1.0160,1.0943,-1.6300,6.7126,5.3814
007751,931157,2022-09-27,1.0280,1.1063,1.1800,6.6342,5.3519
007751,931157,2022-09-28,1.0156,1.0939,-1.2100,6.7152,5.3988
007751,931157,2022-09-29,1.0087,1.0870,-0.6800,6.7612,5.4553
007751,931157,2022-09-30,1.0109,1.0892,0.2200,6.7465,5.3912
007751,931157,2022-10-10,1.0041,1.0824,-0.6700,6.7922,5.4475
007751,931157,2022-10-11,1.0048,1.0831,0.0700,6.7874,5.4728
007751,931157,2022-10-12,1.0180,1.0963,1.3100,6.6994,5.4537
007751,931157,2022-10-13,1.0118,1.0923,-0.3900,5.8905,5.5221
007751,931157,2022-10-14,1.0249,1.1054,1.2900,5.8152,5.4575
007751,931157,2022-10-17,1.0280,1.1085,0.3000,5.7977,5.4471
007751,931157,2022-10-18,1.0271,1.1076,-0.0900,5.8027,5.4500
007751,931157,2022-10-19,1.0226,1.1031,-0.4400,5.8283,5.5171
007751,931157,2022-10-20,1.0188,1.0993,-0.3700,5.8500,5.5246
007751,931157,2022-10-21,1.0235,1.1040,0.4600,5.8232,5.5181
007751,931157,2022-10-24,1.0001,1.0806,-2.2900,5.9594,5.6929
007751,931157,2022-10-25,0.9986,1.0791,-0.1500,5.9684,5.6855
007751,931157,2022-10-26,1.0033,1.0838,0.4700,5.9404,5.7004
007751,931157,2022-10-27,1.0065,1.0870,0.3200,5.9215,5.7044
007751,931157,2022-10-28,0.9862,1.0667,-2.0200,6.0434,5.8068
007751,931157,2022-10-31,0.9786,1.0591,-0.7700,6.0903,5.9201
007751,931157,2022-11-01,0.9951,1.0756,1.6900,5.9893,5.8009
007751,931157,2022-11-02,1.0055,1.0860,1.0500,5.9274,5.7431
007751,931157,2022-11-03,0.9993,1.0798,-0.6200,5.9642,5.8179
007751,931157,2022-11-04,1.0148,1.0953,1.5500,5.8731,5.7307
007751,931157,2022-11-07,1.0179,1.0984,0.3100,5.8552,5.6637
007751,931157,2022-11-08,1.0173,1.0978,-0.0600,5.8586,5.6701
007751,931157,2022-11-09,1.0172,1.0977,-0.0100,5.8592,5.6893
007751,931157,2022-11-10,1.0152,1.0957,-0.2000,5.8708,5.7051
007751,931157,2022-11-11,1.0341,1.1146,1.8600,5.7635,5.5073
007751,931157,2022-11-14,1.0354,1.1159,0.1300,5.7562,5.4538
007751,931157,2022-11-15,1.0453,1.1258,0.9600,5.7017,5.3875
007751,931157,2022-11-16,1.0393,1.1198,-0.5700,5.7346,5.4279
007751,931157,2022-11-17,1.0417,1.1222,0.2300,5.7214,5.4416
007751,931157,2022-11-18,1.0396,1.1201,-0.2000,5.7330,5.4445
007751,931157,2022-11-21,1.0385,1.1190,-0.1100,5.7390,5.4579
007751,931157,2022-11-22,1.0492,1.1297,1.0300,5.6805,5.3582
007751,931157,2022-11-23,1.0502,1.1307,0.1000,5.6751,5.3666
007751,931157,2022-11-24,1.0516,1.1321,0.1300,5.6676,5.3731
007751,931157,2022-11-25,1.0651,1.1456,1.2800,5.5957,5.2622
007751,931157,2022-11-28,1.0566,1.1371,-0.8000,5.6407,5.3459
007751,931157,2022-11-29,1.0831,1.1636,2.5100,5.5027,5.1421
007751,931157,2022-11-30,1.0849,1.1654,0.1700,5.4936,5.1439
007751,931157,2022-12-01,1.0819,1.1624,-0.2800,5.5088,5.1493
007751,931157,2022-12-02,1.0742,1.1547,-0.7100,5.5483,5.2098
007751,931157,2022-12-05,1.0954,1.1759,1.9700,5.4409,5.0648
007751,931157,2022-12-06,1.0911,1.1716,-0.3900,5.4624,5.0811
007751,931157,2022-12-07,1.0852,1.1657,-0.5400,5.4921,5.1316
007751,931157,2022-12-08,1.0896,1.1701,0.4100,5.4699,5.1075
007751,931157,2022-12-09,1.0894,1.1699,-0.0200,5.4709,5.0509
007751,931157,2022-12-12,1.0798,1.1603,-0.8800,5.5195,3.8089
007751,931157,2022-12-13,1.0802,1.1607,0.0400,5.5175,3.7929
007751,931157,2022-12-14,1.0783,1.1588,-0.1800,5.5272,3.7797
007751,931157,2022-12-15,1.0706,1.1511,-0.7100,5.5670,3.7955
007751,931157,2022-12-16,1.0769,1.1574,0.5900,5.5344,3.7727
007751,931157,2022-12-19,1.0555,1.1360,-1.9900,5.6466,3.8361
007751,931157,2022-12-20,1.0496,1.1301,-0.5600,5.6784,3.9020
007751,931157,2022-12-21,1.0506,1.1311,0.1000,5.6729,3.8741
007751,931157,2022-12-22,1.0500,1.1305,-0.0600,5.6762,3.8409
007751,931157,2022-12-23,1.0467,1.1272,-0.3100,5.6941,3.8425
007751,931157,2022-12-26,1.0469,1.1274,0.0200,5.6930,3.8719
007751,931157,2022-12-27,1.0530,1.1335,0.5800,5.6600,4.1069
007751,931157,2022-12-28,1.0626,1.1431,0.9100,5.6089,4.0769
007751,931157,2022-12-29,1.0592,1.1397,-0.3200,5.6269,4.0988
007751,931157,2022-12-30,1.0630,1.1435,0.3600,5.6068,4.0754
007751,931157,2022-12-31,1.0623,1.1428,-0.0700,5.6105,
007751,931157,2023-01-03,1.0710,1.1515,0.7500,5.5649,4.0588
007751,931157,2023-01-04,1.0821,1.1626,1.0400,5.5078,4.0183
007751,931157,2023-01-05,1.0823,1.1628,0.0200,5.5068,3.9584
007751,931157,2023-01-06,1.0672,1.1602,-0.2400,6.7560,3.9681
007751,931157,2023-01-09,1.0666,1.1596,-0.0600,6.7598,3.9340
007751,931157,2023-01-10,1.0576,1.1506,-0.8400,4.8601,3.9589
007751,931157,2023-01-11,1.0589,1.1519,0.1200,4.8541,3.9518
007751,931157,2023-01-12,1.0597,1.1527,0.0800,4.8504,3.9520
007751,931157,2023-01-13,1.0684,1.1614,0.8200,4.8109,3.8887
007751,931157,2023-01-16,1.0731,1.1661,0.4400,4.7899,3.8569
007751,931157,2023-01-17,1.0691,1.1621,-0.3700,4.8078,3.8869
007751,931157,2023-01-18,1.0766,1.1696,0.7000,4.7743,3.8799
007751,931157,2023-01-19,1.0772,1.1702,0.0600,4.7716,3.8858
007751,931157,2023-01-20,1.0864,1.1794,0.8500,4.7312,3.8698
007751,931157,2023-01-30,1.0851,1.1781,-0.1200,4.7369,3.8568
007751,931157,2023-01-31,1.0798,1.1728,-0.4900,4.7601,3.9187
007751,931157,2023-02-01,1.0861,1.1791,0.5800,4.7325,3.9109
007751,931157,2023-02-02,1.0805,1.1735,-0.5200,4.7571,3.9301
007751,931157,2023-02-03,1.0741,1.1671,-0.5900,4.7854,3.9624
007751,931157,2023-02-06,1.0680,1.1610,-0.5700,4.8127,4.0101
007751,931157,2023-02-07,1.0738,1.1668,0.5400,4.7867,3.9914
007751,931157,2023-02-08,1.0702,1.1632,-0.3400,4.8028,4.0179
007751,931157,2023-02-09,1.0773,1.1703,0.6600,4.7712,3.9626
007751,931157,2023-02-10,1.0784,1.1714,0.1000,4.7663,3.9698
007751,931157,2023-02-13,1.0826,1.1756,0.3900,4.7478,3.9280
007751,931157,2023-02-14,1.0864,1.1794,0.3500,4.7312,3.9272
007751,931157,2023-02-15,1.0822,1.1752,-0.3900,4.7496,3.9390
007751,931157,2023-02-16,1.0797,1.1727,-0.2300,4.7606,3.9354
007751,931157,2023-02-17,1.0779,1.1709,-0.1700,4.7685,3.9757
007751,931157,2023-02-20,1.0966,1.1896,1.7300,4.6872,3.8693
007751,931157,2023-02-21,1.0982,1.1912,0.1500,4.6804,3.8721
007751,931157,2023-02-22,1.0955,1.1885,-0.2500,4.6919,3.9074
007751,931157,2023-02-23,1.0965,1.1895,0.0900,4.6876,3.9211
007751,931157,2023-02-24,1.0904,1.1834,-0.5600,4.7139,3.9640
007751,931157,2023-02-27,1.0872,1.1802,-0.2900,4.7277,3.9504
007751,931157,2023-02-28,1.0883,1.1813,0.1000,4.7230,3.9443
007751,931157,2023-03-01,1.1035,1.1965,1.4000,4.6579,3.8699
007751,931157,2023-03-02,1.1079,1.2009,0.4000,4.6394,3.8647
007751,931157,2023-03-03,1.1197,1.2127,1.0700,4.5905,3.8433
007751,931157,2023-03-06,1.1216,1.2146,0.1700,4.5827,3.8689
007751,931157,2023-03-07,1.1192,1.2122,-0.2100,4.5926,3.8977
007751,931157,2023-03-08,1.1204,1.2134,0.1100,4.5876,3.9173
007751,931157,2023-03-09,1.1145,1.2075,-0.5300,4.6119,3.9329
007751,931157,2023-03-10,1.0973,1.1903,-1.5400,4.6842,3.9875
007751,931157,2023-03-13,1.1128,1.2058,1.4100,4.6190,3.9294
007751,931157,2023-03-14,1.0984,1.1914,-1.2900,4.6795,3.9734
007751,931157,2023-03-15,1.1141,1.2071,1.4300,4.6136,3.9514
007751,931157,2023-03-16,1.1170,1.2100,0.2600,4.6016,3.9578
007751,931157,2023-03-17,1.1280,1.2210,0.9800,4.5567,3.9296
007751,931157,2023-03-20,1.1168,1.2098,-0.9900,4.6024,3.9599
007751,931157,2023-03-21,1.1170,1.2100,0.0200,4.6016,3.9292
007751,931157,2023-03-22,1.1257,1.2187,0.7800,4.5660,3.8970
007751,931157,2023-03-23,1.1340,1.2270,0.7400,4.5326,3.8626
007751,931157,2023-03-24,1.1200,1.2130,-1.2300,4.5893,3.8988
007751,931157,2023-03-27,1.1132,1.2062,-0.6100,4.6173,3.9257
007751,931157,2023-03-28,1.1198,1.2128,0.5900,4.5901,3.9108
007751,931157,2023-03-29,1.1192,1.2122,-0.0500,4.5926,3.9027
007751,931157,2023-03-30,1.1207,1.2137,0.1300,4.5864,3.8931
007751,931157,2023-03-31,1.1217,1.2147,0.0900,4.5823,3.8873
007751,931157,2023-04-03,1.1242,1.2172,0.2200,4.5721,3.8845
007751,931157,2023-04-04,1.1343,1.2273,0.9000,4.5314,3.8622
007751,931157,2023-04-06,1.1334,1.2264,-0.0800,4.5350,3.8721
007751,931157,2023-04-07,1.1336,1.2266,0.0200,4.5342,3.8731
007751,931157,2023-04-10,1.1306,1.2236,-0.2600,4.5463,3.8969
007751,931157,2023-04-11,1.1165,1.2283,0.4200,4.7470,3.9111
007751,931157,2023-04-12,1.1262,1.2380,0.8700,4.7061,3.9102
007751,931157,2023-04-13,1.1284,1.2402,0.2000,4.6969,3.9025
007751,931157,2023-04-14,1.1316,1.2434,0.2800,4.6836,3.9003
007751,931157,2023-04-17,1.1496,1.2614,1.5900,4.6103,3.8267
007751,931157,2023-04-18,1.1547,1.2665,0.4400,4.5899,3.7924
007751,931157,2023-04-19,1.1506,1.2624,-0.3600,4.6063,3.8254
007751,931157,2023-04-20,1.1613,1.2731,0.9300,4.5639,3.8100
007751,931157,2023-04-21,1.1487,1.2605,-1.0800,4.6139,3.8622
007751,931157,2023-04-24,1.1473,1.2591,-0.1200,4.6195,3.8935
007751,931157,2023-04-25,1.1516,1.2634,0.3700,4.6023,3.8589
007751,931157,2023-04-26,1.1481,1.2599,-0.3000,4.6163,3.8889
007751,931157,2023-04-27,1.1589,1.2707,0.9400,4.5733,3.8826
007751,931157,2023-04-28,1.1687,1.2805,0.8500,4.5350,3.8497
007751,931157,2023-05-04,1.1923,1.3041,2.0200,4.4452,3.7723
007751,931157,2023-05-05,1.1901,1.3019,-0.1800,4.4534,3.7694
007751,931157,2023-05-08,1.2161,1.3279,2.1800,4.3582,3.7116
007751,931157,2023-05-09,1.2035,1.3153,-1.0400,4.4038,3.7398
007751,931157,2023-05-10,1.1845,1.2963,-1.5800,4.4745,3.7943
007751,931157,2023-05-11,1.1790,1.2908,-0.4600,4.4953,3.8002
007751,931157,2023-05-12,1.1645,1.2763,-1.2300,4.5513,3.8339
007751,931157,2023-05-15,1.1739,1.2857,0.8100,4.5149,3.7585
007751,931157,2023-05-16,1.1670,1.2788,-0.5900,4.5416,3.8301
007751,931157,2023-05-17,1.1618,1.2736,-0.4500,4.5619,3.8391
007751,931157,2023-05-18,1.1751,1.2869,1.1400,4.5103,3.8330
007751,931157,2023-05-19,1.1678,1.2796,-0.6200,4.5384,3.8415
007751,931157,2023-05-22,1.1688,1.2806,0.0900,4.5346,3.7960
007751,931157,2023-05-23,1.1548,1.2666,-1.2000,4.5895,3.8651
007751,931157,2023-05-24,1.1396,1.2514,-1.3200,4.6508,3.9386
007751,931157,2023-05-25,1.1320,1.2438,-0.6700,4.6820,3.9601
007751,931157,2023-05-26,1.1377,1.2495,0.5000,4.6585,3.9624
007751,931157,2023-05-29,1.1434,1.2552,0.5000,4.6353,3.8813
007751,931157,2023-05-30,1.1463,1.2581,0.2500,4.6236,3.8963
007751,931157,2023-05-31,1.1373,1.2491,-0.7900,4.6602,3.9618
007751,931157,2023-06-01,1.1370,1.2488,-0.0300,4.6614,3.9126
007751,931157,2023-06-02,1.1437,1.2555,0.5900,4.6341,3.8692
007751,931157,2023-06-05,1.1492,1.2610,0.4800,4.6119,3.8525
007751,931157,2023-06-06,1.1448,1.2566,-0.3800,4.6296,3.8669
007751,931157,2023-06-07,1.1535,1.2653,0.7600,4.5947,3.8642
007751,931157,2023-06-08,1.1639,1.2757,0.9000,4.5537,3.8347
007751,931157,2023-06-09,1.1640,1.2758,0.0100,4.5533,3.7852
007751,931157,2023-06-12,1.1589,1.2707,-0.4400,4.5733,4.0655
007751,931157,2023-06-13,1.1546,1.2664,-0.3700,4.5903,4.0637
007751,931157,2023-06-14,1.1463,1.2581,-0.7200,4.6236,4.2060
007751,931157,2023-06-15,1.1484,1.2602,0.1800,4.6151,4.2523
007751,931157,2023-06-16,1.1494,1.2612,0.0900,4.6111,4.2410
007751,931157,2023-06-19,1.1414,1.2532,-0.7000,4.6434,4.2481
007751,931157,2023-06-20,1.1367,1.2485,-0.4100,4.6626,4.2691
007751,931157,2023-06-21,1.1304,1.2422,-0.5500,4.6886,4.4572
007751,931157,2023-06-26,1.1149,1.2267,-1.3700,4.7538,4.5616
007751,931157,2023-06-27,1.1294,1.2412,1.3000,4.6928,4.5061
007751,931157,2023-06-28,1.1335,1.2453,0.3600,4.6758,4.5252
007751,931157,2023-06-29,1.1349,1.2467,0.1200,4.6700,4.6380
007751,931157,2023-06-30,1.1402,1.2520,0.4700,4.6483,4.7085
007751,931157,2023-07-03,1.1501,1.2619,0.8700,4.6083,4.4994
007751,931157,2023-07-04,1.1440,1.2558,-0.5300,4.6329,4.7352
007751,931157,2023-07-05,1.1408,1.2526,-0.2800,4.6459,4.5877
007751,931157,2023-07-06,1.1348,1.2466,-0.5300,4.6704,4.7344
007751,931157,2023-07-07,1.1367,1.2485,0.1700,2.9471,4.7919
007751,931157,2023-07-10,1.1097,1.2496,0.1000,5.5510,4.6667
007751,931157,2023-07-11,1.1144,1.2543,0.4200,5.5276,4.6722
007751,931157,2023-07-12,1.1098,1.2497,-0.4100,5.5505,4.6617
007751,931157,2023-07-13,1.1205,1.2604,0.9600,5.4975,4.0741
007751,931157,2023-07-14,1.1208,1.2607,0.0300,5.4961,4.0729
007751,931157,2023-07-17,1.1197,1.2596,-0.1000,5.5015,4.7593
007751,931157,2023-07-18,1.1177,1.2576,-0.1800,5.5113,4.7915
007751,931157,2023-07-19,1.1218,1.2617,0.3700,5.4912,4.7640
007751,931157,2023-07-20,1.1171,1.2570,-0.4200,5.5143,4.7873
007751,931157,2023-07-21,1.1188,1.2587,0.1500,5.5059,4.8171
007751,931157,2023-07-24,1.1169,1.2568,-0.1700,5.5153,4.7472
007751,931157,2023-07-25,1.1363,1.2762,1.7400,5.4211,4.6548
007751,931157,2023-07-26,1.1349,1.2748,-0.1200,5.4278,4.6591
007751,931157,2023-07-27,1.1349,1.2748,0.0000,5.4278,4.6455
007751,931157,2023-07-28,1.1571,1.2970,1.9600,5.3237,4.5982
007751,931157,2023-07-31,1.1670,1.3069,0.8600,5.2785,4.4959
007751,931157,2023-08-01,1.1631,1.3030,-0.3300,5.2962,4.5357
007751,931157,2023-08-02,1.1536,1.2935,-0.8200,5.3398,4.6010
007751,931157,2023-08-03,1.1618,1.3017,0.7100,5.3021,4.5249
007751,931157,2023-08-04,1.1652,1.3051,0.2900,5.2866,4.5063
007751,931157,2023-08-07,1.1557,1.2956,-0.8200,5.3301,4.4883
007751,931157,2023-08-08,1.1559,1.2958,0.0200,5.3292,4.5007
007751,931157,2023-08-09,1.1520,1.2919,-0.3400,5.3472,4.4528
007751,931157,2023-08-10,1.1541,1.2940,0.1800,5.3375,4.4459
007751,931157,2023-08-11,1.1347,1.2746,-1.6800,5.4287,4.6224
007751,931157,2023-08-14,1.1310,1.2709,-0.3300,5.4465,4.6601
007751,931157,2023-08-15,1.1356,1.2755,0.4100,5.4244,4.6137
007751,931157,2023-08-16,1.1318,1.2717,-0.3300,5.4427,4.6300
007751,931157,2023-08-17,1.1310,1.2709,-0.0700,5.4465,4.6534
007751,931157,2023-08-18,1.1262,1.2661,-0.4200,5.4697,4.6635
007751,931157,2023-08-21,1.1140,1.2539,-1.0800,5.5296,4.7359
007751,931157,2023-08-22,1.1218,1.2617,0.7000,5.4912,4.6866
007751,931157,2023-08-23,1.1181,1.2580,-0.3300,5.5093,4.7426
007751,931157,2023-08-24,1.1147,1.2546,-0.3000,5.5262,4.7291
007751,931157,2023-08-25,1.1186,1.2585,0.3500,5.5069,4.8309
007751,931157,2023-08-28,1.1309,1.2708,1.1000,5.4470,4.6529
007751,931157,2023-08-29,1.1319,1.2718,0.0900,5.4422,4.6877
007751,931157,2023-08-30,1.1186,1.2585,-1.1800,5.5069,4.7413
007751,931157,2023-08-31,1.1134,1.2533,-0.4600,5.5326,4.7502
007751,931157,2023-09-01,1.1210,1.2609,0.6800,5.4951,4.7078
007751,931157,2023-09-04,1.1376,1.2775,1.4800,5.4149,4.6423
007751,931157,2023-09-05,1.1254,1.2653,-1.0700,5.4736,4.6852
007751,931157,2023-09-06,1.1239,1.2638,-0.1300,5.4809,4.6849
007751,931157,2023-09-07,1.1180,1.2579,-0.5200,5.5098,4.7031
007751,931157,2023-09-08,1.1175,1.2574,-0.0400,5.5123,4.7107
007751,931157,2023-09-11,1.1283,1.2682,0.9700,5.4595,4.6839
007751,931157,2023-09-12,1.1257,1.2656,-0.2300,5.4722,4.6923
007751,931157,2023-09-13,1.1224,1.2623,-0.2900,5.4882,4.7002
007751,931157,2023-09-14,1.1303,1.2702,0.7000,5.4499,4.6582
007751,931157,2023-09-15,1.1297,1.2696,-0.0500,5.4528,4.6858
007751,931157,2023-09-18,1.1313,1.2712,0.1400,5.4451,4.6831
007751,931157,2023-09-19,1.1357,1.2756,0.3900,5.4240,4.6589
007751,931157,2023-09-20,1.1351,1.2750,-0.0500,5.4268,4.6598
007751,931157,2023-09-21,1.1290,1.2689,-0.5400,5.4562,4.6865
007751,931157,2023-09-22,1.1388,1.2787,0.8700,5.4092,4.6218
007751,931157,2023-09-25,1.1371,1.2770,-0.1500,5.4173,4.6434
007751,931157,2023-09-26,1.1336,1.2735,-0.3100,5.4340,4.6622
007751,931157,2023-09-27,1.1327,1.2726,-0.0800,5.4383,4.6764
007751,931157,2023-09-28,1.1316,1.2715,-0.1000,5.4436,4.6762
007751,931157,2023-10-09,1.1263,1.2662,-0.4700,5.4692,4.6477
007751,931157,2023-10-10,1.1171,1.2570,-0.8200,5.5143,4.6765
007751,931157,2023-10-11,1.1125,1.2524,-0.4100,5.5371,4.6775
007751,931157,2023-10-12,1.0998,1.2658,1.2000,7.9742,4.5943
007751,931157,2023-10-13,1.0964,1.2624,-0.3100,7.7982,4.5994
007751,931157,2023-10-16,1.0955,1.2615,-0.0800,7.8047,4.6007
007751,931157,2023-10-17,1.0994,1.2654,0.3600,7.7770,4.5778
007751,931157,2023-10-18,1.0898,1.2558,-0.8700,7.8455,4.5906
007751,931157,2023-10-19,1.0714,1.2374,-1.6900,7.9802,4.6764
007751,931157,2023-10-20,1.0687,1.2347,-0.2500,8.0004,4.6973
007751,931157,2023-10-23,1.0543,1.2203,-1.3500,8.1096,4.7385
007751,931157,2023-10-24,1.0605,1.2265,0.5900,8.0622,4.7366
007751,931157,2023-10-25,1.0654,1.2314,0.4600,8.0252,4.7386
007751,931157,2023-10-26,1.0726,1.2386,0.6800,7.9713,4.6956
007751,931157,2023-10-27,1.0758,1.2418,0.3000,7.9476,4.6840
007751,931157,2023-10-30,1.0667,1.2327,-0.8500,8.0154,4.7378
007751,931157,2023-10-31,1.0668,1.2328,0.0100,8.0146,4.7224
007751,931157,2023-11-01,1.0661,1.2321,-0.0700,8.0199,4.7086
007751,931157,2023-11-02,1.0655,1.2315,-0.0600,8.0244,4.7015
007751,931157,2023-11-03,1.0675,1.2335,0.1900,8.0094,4.7047
007751,931157,2023-11-06,1.0738,1.2398,0.5900,7.9624,4.6867
007751,931157,2023-11-07,1.0707,1.2367,-0.2900,7.9854,4.6952
007751,931157,2023-11-08,1.0664,1.2324,-0.4000,8.0176,4.7156
007751,931157,2023-11-09,1.0669,1.2329,0.0500,8.0139,4.6930
007751,931157,2023-11-10,1.0627,1.2287,-0.3900,8.0455,4.7141
007751,931157,2023-11-13,1.0659,1.2319,0.3000,8.0214,4.7216
007751,931157,2023-11-14,1.0677,1.2337,0.1700,8.0079,4.6984
007751,931157,2023-11-15,1.0751,1.2411,0.6900,7.9527,4.6723
007751,931157,2023-11-16,1.0709,1.2369,-0.3900,7.9839,4.6870
007751,931157,2023-11-17,1.0695,1.2355,-0.1300,7.9944,4.7057
007751,931157,2023-11-20,1.0729,1.2389,0.3200,7.9691,4.6838
007751,931157,2023-11-21,1.0736,1.2396,0.0700,7.9639,4.6813
007751,931157,2023-11-22,1.0690,1.2350,-0.4300,7.9981,4.7017
007751,931157,2023-11-23,1.0753,1.2413,0.5900,7.9513,4.6949
007751,931157,2023-11-24,1.0732,1.2392,-0.2000,7.9668,4.7044
007751,931157,2023-11-27,1.0695,1.2355,-0.3400,7.9944,4.7361
007751,931157,2023-11-28,1.0701,1.2361,0.0600,7.9899,4.7424
007751,931157,2023-11-29,1.0626,1.2286,-0.7000,8.0463,4.7791
007751,931157,2023-11-30,1.0638,1.2298,0.1100,8.0372,4.7611
007751,931157,2023-12-01,1.0688,1.2348,0.4700,7.9996,4.7547
007751,931157,2023-12-04,1.0689,1.2349,0.0100,7.9989,4.7663
007751,931157,2023-12-05,1.0553,1.2213,-1.2700,8.1020,4.8244
007751,931157,2023-12-06,1.0568,1.2228,0.1400,8.0905,4.8439
007751,931157,2023-12-07,1.0576,1.2236,0.0800,8.0843,4.8285
007751,931157,2023-12-08,1.0515,1.2175,-0.5800,8.1312,4.8444
007751,931157,2023-12-11,1.0559,1.2219,0.4200,8.0974,5.4692
007751,931157,2023-12-12,1.0637,1.2297,0.7400,8.0380,5.4197
007751,931157,2023-12-13,1.0590,1.2250,-0.4400,8.0737,5.4509
007751,931157,2023-12-14,1.0572,1.2232,-0.1700,8.0874,5.4564
007751,931157,2023-12-15,1.0542,1.2202,-0.2800,8.1104,5.4817
007751,931157,2023-12-18,1.0497,1.2157,-0.4300,8.1452,5.4755
007751,931157,2023-12-19,1.0471,1.2131,-0.2500,8.1654,5.4878
007751,931157,2023-12-20,1.0426,1.2086,-0.4300,8.2007,5.5020
007751,931157,2023-12-21,1.0461,1.2121,0.3400,8.1732,5.4770
007751,931157,2023-12-22,1.0457,1.2117,-0.0400,8.1763,5.4675
007751,931157,2023-12-25,1.0440,1.2100,-0.1600,8.1897,5.4621
007751,931157,2023-12-26,1.0424,1.2084,-0.1500,8.2022,5.4677
007751,931157,2023-12-27,1.0501,1.2161,0.7400,8.1421,5.4210
007751,931157,2023-12-28,1.0579,1.2239,0.7400,8.0820,5.3895
007751,931157,2023-12-29,1.0601,1.2261,0.2100,8.0653,5.3791
007751,931157,2023-12-31,1.0596,1.2256,-0.0500,8.0691,
007751,931157,2024-01-02,1.0605,1.2265,0.0800,8.0622,5.4023
007751,931157,2024-01-03,1.0666,1.2326,0.5800,8.0161,5.3652
007751,931157,2024-01-04,1.0573,1.2353,0.2500,9.2216,5.3391
007751,931157,2024-01-05,1.0601,1.2381,0.2600,9.1972,5.3459
007751,931157,2024-01-08,1.0476,1.2256,-1.1800,8.1138,5.4074
007751,931157,2024-01-09,1.0539,1.2319,0.6000,8.0653,5.3908
007751,931157,2024-01-10,1.0502,1.2282,-0.3500,8.0937,5.4105
007751,931157,2024-01-11,1.0502,1.2282,0.0000,8.0937,5.4263
007751,931157,2024-01-12,1.0561,1.2341,0.5600,8.0485,5.3988
007751,931157,2024-01-15,1.0588,1.2368,0.2600,8.0280,5.3852
007751,931157,2024-01-16,1.0599,1.2379,0.1000,8.0196,5.3862
007751,931157,2024-01-17,1.0440,1.2220,-1.5000,8.1418,5.4728
007751,931157,2024-01-18,1.0385,1.2165,-0.5300,8.1849,5.4758
007751,931157,2024-01-19,1.0362,1.2142,-0.2200,8.2030,5.4855
007751,931157,2024-01-22,1.0085,1.1865,-2.6700,8.4284,5.5825
007751,931157,2024-01-23,1.0186,1.1966,1.0000,8.3448,5.5351
007751,931157,2024-01-24,1.0428,1.2208,2.3800,8.1511,5.3968
007751,931157,2024-01-25,1.0625,1.2405,1.8900,8.0000,5.3047
007751,931157,2024-01-26,1.0716,1.2496,0.8600,7.9321,5.2570
007751,931157,2024-01-29,1.0731,1.2511,0.1400,7.9210,5.2238
007751,931157,2024-01-30,1.0600,1.2380,-1.2200,8.0189,5.2807
007751,931157,2024-01-31,1.0529,1.2309,-0.6700,8.0729,5.2881
007751,931157,2024-02-01,1.0465,1.2245,-0.6100,8.1223,5.3169
007751,931157,2024-02-02,1.0397,1.2177,-0.6500,8.1754,5.3206
007751,931157,2024-02-05,1.0323,1.2103,-0.7100,8.2340,5.2935
007751,931157,2024-02-06,1.0633,1.2413,3.0000,7.9940,5.1631
007751,931157,2024-02-07,1.0778,1.2558,1.3600,7.8864,5.1486
007751,931157,2024-02-08,1.0780,1.2560,0.0200,7.8850,5.1796
007751,931157,2024-02-19,1.0877,1.2657,0.9000,7.8147,5.0959
007751,931157,2024-02-20,1.0970,1.2750,0.8600,7.7484,5.0411
007751,931157,2024-02-21,1.1074,1.2854,0.9500,7.6756,4.9999
007751,931157,2024-02-22,1.1143,1.2923,0.6200,7.6281,4.9647
007751,931157,2024-02-23,1.1164,1.2944,0.1900,7.6138,4.9598
007751,931157,2024-02-26,1.1011,1.2791,-1.3700,7.7196,5.0381
007751,931157,2024-02-27,1.1052,1.2832,0.3700,7.6909,5.0136
007751,931157,2024-02-28,1.0957,1.2737,-0.8600,7.7576,5.0462
007751,931157,2024-02-29,1.1061,1.2841,0.9500,7.6847,5.0095
007751,931157,2024-03-01,1.1044,1.2824,-0.1500,7.6965,5.0074
007751,931157,2024-03-04,1.1021,1.2801,-0.2100,7.7125,5.0049
007751,931157,2024-03-05,1.1070,1.2850,0.4400,7.6784,4.9749
007751,931157,2024-03-06,1.1082,1.2862,0.1100,7.6701,4.9738
007751,931157,2024-03-07,1.1102,1.2882,0.1800,7.6563,4.9647
007751,931157,2024-03-08,1.1162,1.2942,0.5400,7.6151,4.9414
007751,931157,2024-03-11,1.1166,1.2946,0.0400,7.6124,4.9491
007751,931157,2024-03-12,1.1075,1.2855,-0.8100,7.6749,4.9898
007751,931157,2024-03-13,1.1019,1.2799,-0.5100,7.7139,5.0248
007751,931157,2024-03-14,1.1027,1.2807,0.0700,7.7084,5.0221
007751,931157,2024-03-15,1.1078,1.2858,0.4600,7.6729,5.0241
007751,931157,2024-03-18,1.1121,1.2901,0.3900,7.6432,5.0168
007751,931157,2024-03-19,1.1031,1.2811,-0.8100,7.7056,5.0604
007751,931157,2024-03-20,1.1072,1.2852,0.3700,7.6770,5.0473
007751,931157,2024-03-21,1.1124,1.2904,0.4700,7.6411,5.0138
007751,931157,2024-03-22,1.1036,1.2816,-0.7900,7.7021,5.0362
007751,931157,2024-03-25,1.1026,1.2806,-0.0900,7.7091,5.0412
007751,931157,2024-03-26,1.1114,1.2894,0.8000,7.6480,5.0009
007751,931157,2024-03-27,1.1077,1.2857,-0.3300,7.6736,5.0097
007751,931157,2024-03-28,1.1040,1.2820,-0.3300,7.6993,5.0433
007751,931157,2024-03-29,1.1122,1.2902,0.7400,7.6425,5.0180
007751,931157,2024-04-01,1.1184,1.2964,0.5600,7.6001,4.9821
007751,931157,2024-04-02,1.1259,1.3039,0.6700,7.5495,4.9336
007751,931157,2024-04-03,1.1279,1.3059,0.1800,7.5361,4.9420
007751,931157,2024-04-08,1.1304,1.3084,0.2200,7.5195,4.9271
007751,931157,2024-04-09,1.1159,1.3079,-0.0400,8.8718,4.9373
007751,931157,2024-04-10,1.1158,1.3078,-0.0100,7.1877,4.9273
007751,931157,2024-04-11,1.1194,1.3114,0.3200,7.1646,4.9238
007751,931157,2024-04-12,1.1139,1.3059,-0.4900,7.1999,4.9573
007751,931157,2024-04-15,1.1286,1.3206,1.3200,7.1061,4.8791
007751,931157,2024-04-16,1.1193,1.3113,-0.8200,7.1652,4.8938
007751,931157,2024-04-17,1.1376,1.3296,1.6300,7.0499,4.8402
007751,931157,2024-04-18,1.1455,1.3375,0.6900,7.0013,4.7940
007751,931157,2024-04-19,1.1516,1.3436,0.5300,6.9642,4.7842
007751,931157,2024-04-22,1.1438,1.3358,-0.6800,7.0117,4.8015
007751,931157,2024-04-23,1.1357,1.3277,-0.7100,7.0617,4.8324
007751,931157,2024-04-24,1.1380,1.3300,0.2000,7.0475,4.8209
007751,931157,2024-04-25,1.1471,1.3391,0.8000,6.9915,4.7921
007751,931157,2024-04-26,1.1369,1.3289,-0.8900,7.0543,4.8294
007751,931157,2024-04-29,1.1439,1.3359,0.6200,7.0111,4.8051
007751,931157,2024-04-30,1.1467,1.3387,0.2400,6.9940,4.7836
007751,931157,2024-05-06,1.1572,1.3492,0.9200,6.9305,4.7521
007751,931157,2024-05-07,1.1549,1.3469,-0.2000,6.9443,4.7616
007751,931157,2024-05-08,1.1529,1.3449,-0.1700,6.9564,4.7721
007751,931157,2024-05-09,1.1644,1.3564,1.0000,6.8877,4.7343
007751,931157,2024-05-10,1.1803,1.3723,1.3700,6.7949,4.6610
007751,931157,2024-05-13,1.1911,1.3831,0.9200,6.7333,4.6255
007751,931157,2024-05-14,1.1882,1.3802,-0.2400,6.7497,4.6555
007751,931157,2024-05-15,1.1853,1.3773,-0.2400,6.7662,4.9548
007751,931157,2024-05-16,1.1957,1.3877,0.8800,6.7074,4.9131
007751,931157,2024-05-17,1.2051,1.3971,0.7900,6.6550,4.9003
007751,931157,2024-05-20,1.2059,1.3979,0.0700,6.6506,4.8405
007751,931157,2024-05-21,1.2080,1.4000,0.1700,6.6391,4.8456
007751,931157,2024-05-22,1.2081,1.4001,0.0100,6.6385,4.8442
007751,931157,2024-05-23,1.1970,1.3890,-0.9200,6.7001,4.9253
007751,931157,2024-05-24,1.1961,1.3881,-0.0800,6.7051,4.9382
007751,931157,2024-05-27,1.2080,1.4000,0.9900,6.6391,4.8526
007751,931157,2024-05-28,1.2040,1.3960,-0.3300,6.6611,4.9048
007751,931157,2024-05-29,1.1975,1.3895,-0.5400,6.6973,4.9941
007751,931157,2024-05-30,1.1850,1.3770,-1.0400,6.7679,5.1481
007751,931157,2024-05-31,1.1832,1.3752,-0.1500,6.7782,5.1526
007751,931157,2024-06-03,1.1773,1.3693,-0.5000,6.8122,4.8460
007751,931157,2024-06-04,1.1843,1.3763,0.5900,6.7719,4.8400
007751,931157,2024-06-05,1.1719,1.3639,-1.0500,6.8436,4.9798
007751,931157,2024-06-06,1.1699,1.3619,-0.1700,6.8553,5.0062
007751,931157,2024-06-07,1.1808,1.3728,0.9300,6.7920,4.9786
007751,931157,2024-06-11,1.1638,1.3558,-1.4400,6.8912,4.9945
007751,931157,2024-06-12,1.1671,1.3591,0.2800,6.8717,5.0197
007751,931157,2024-06-13,1.1619,1.3539,-0.4500,6.9025,5.0503
007751,931157,2024-06-14,1.1620,1.3540,0.0100,6.9019,5.2190
007751,931157,2024-06-17,1.1541,1.3461,-0.6800,6.9491,4.3940
007751,931157,2024-06-18,1.1633,1.3553,0.8000,6.8942,4.3744
007751,931157,2024-06-19,1.1683,1.3603,0.4300,6.8647,4.4055
007751,931157,2024-06-20,1.1607,1.3527,-0.6500,6.9096,4.3927
007751,931157,2024-06-21,1.1607,1.3527,0.0000,6.9096,4.4725
007751,931157,2024-06-24,1.1517,1.3437,-0.7800,6.9636,4.3240
007751,931157,2024-06-25,1.1563,1.3483,0.4000,6.9359,4.3151
007751,931157,2024-06-26,1.1620,1.3540,0.4900,6.9019,4.3181
007751,931157,2024-06-27,1.1574,1.3494,-0.4000,6.9293,4.4879
007751,931157,2024-06-28,1.1706,1.3626,1.1400,6.8512,4.4516
007751,931157,2024-06-30,1.1703,1.3623,-0.0300,6.8529,
007751,931157,2024-07-01,1.1837,1.3757,1.1500,6.7754,4.2197
007751,931157,2024-07-02,1.1869,1.3789,0.2700,6.7571,4.3367
007751,931157,2024-07-03,1.1828,1.3748,-0.3500,6.7805,4.3387
007751,931157,2024-07-04,1.1765,1.3685,-0.5300,6.8168,4.3093
007751,931157,2024-07-05,1.1706,1.3626,-0.5000,6.8512,4.3860
007751,931157,2024-07-08,1.1396,1.3559,-0.5700,9.1699,4.2979
007751,931157,2024-07-09,1.1531,1.3694,1.1800,6.6256,4.2709
007751,931157,2024-07-10,1.1462,1.3625,-0.6000,6.6655,4.6296
007751,931157,2024-07-11,1.1549,1.3712,0.7600,6.6153,4.6105
007751,931157,2024-07-12,1.1624,1.3787,0.6500,6.5726,4.5682
007751,931157,2024-07-15,1.1627,1.3790,0.0300,6.5709,4.2790
007751,931157,2024-07-16,1.1564,1.3727,-0.5400,6.6067,4.3635
007751,931157,2024-07-17,1.1528,1.3691,-0.3100,6.6273,4.4023
007751,931157,2024-07-18,1.1595,1.3758,0.5800,6.5890,4.3047
007751,931157,2024-07-19,1.1534,1.3697,-0.5300,6.6239,4.5802
007751,931157,2024-07-22,1.1479,1.3642,-0.4800,6.6556,4.2575
007751,931157,2024-07-23,1.1417,1.3580,-0.5400,6.6918,4.2770
007751,931157,2024-07-24,1.1409,1.3572,-0.0700,6.6965,4.3882
007751,931157,2024-07-25,1.1341,1.3504,-0.6000,6.7366,4.4279
007751,931157,2024-07-26,1.1354,1.3517,0.1100,6.7289,4.4479
007751,931157,2024-07-29,1.1413,1.3576,0.5200,6.6941,4.3899
007751,931157,2024-07-30,1.1358,1.3521,-0.4800,6.7265,4.4337
007751,931157,2024-07-31,1.1476,1.3639,1.0400,6.6574,4.4345
007751,931157,2024-08-01,1.1503,1.3666,0.2400,6.6417,4.4181
007751,931157,2024-08-02,1.1458,1.3621,-0.3900,6.6678,4.4191
007751,931157,2024-08-05,1.1307,1.3470,-1.3200,6.7569,4.4876
007751,931157,2024-08-06,1.1288,1.3451,-0.1700,6.7682,4.5199
007751,931157,2024-08-07,1.1327,1.3490,0.3500,6.7449,4.4851
007751,931157,2024-08-08,1.1347,1.3510,0.1800,6.7331,4.4778
007751,931157,2024-08-09,1.1325,1.3488,-0.1900,6.7461,4.4947
007751,931157,2024-08-12,1.1305,1.3468,-0.1800,6.7581,4.3552
007751,931157,2024-08-13,1.1367,1.3530,0.5500,6.7212,4.3279
007751,931157,2024-08-14,1.1330,1.3493,-0.3300,6.7432,4.3794
007751,931157,2024-08-15,1.1414,1.3577,0.7400,6.6935,4.3369
007751,931157,2024-08-16,1.1434,1.3597,0.1800,6.6818,4.3771
007751,931157,2024-08-19,1.1568,1.3731,1.1700,6.6044,4.3381
007751,931157,2024-08-20,1.1511,1.3674,-0.4900,6.6371,4.3447
007751,931157,2024-08-21,1.1428,1.3591,-0.7200,6.6853,4.3635
007751,931157,2024-08-22,1.1458,1.3621,0.2600,6.6678,4.3311
007751,931157,2024-08-23,1.1459,1.3622,0.0100,6.6672,4.3235
007751,931157,2024-08-26,1.1458,1.3621,-0.0100,6.6678,4.2708
007751,931157,2024-08-27,1.1454,1.3617,-0.0300,6.6702,4.2729
007751,931157,2024-08-28,1.1384,1.3547,-0.6100,6.7112,4.4541
007751,931157,2024-08-29,1.1255,1.3418,-1.1300,6.7881,4.5098
007751,931157,2024-08-30,1.1243,1.3406,-0.1100,6.7953,4.4442
007751,931157,2024-09-02,1.1204,1.3367,-0.3500,6.8190,5.0057
007751,931157,2024-09-03,1.1157,1.3320,-0.4200,6.8477,5.1170
007751,931157,2024-09-04,1.1116,1.3279,-0.3700,6.8730,5.2321
007751,931157,2024-09-05,1.1129,1.3292,0.1200,6.8649,4.6446
007751,931157,2024-09-06,1.1075,1.3238,-0.4900,6.8984,4.6645
007751,931157,2024-09-09,1.0932,1.3095,-1.2900,6.9887,4.7266
007751,931157,2024-09-10,1.0935,1.3098,0.0300,6.9867,4.7282
007751,931157,2024-09-11,1.0792,1.2955,-1.3100,7.0793,4.8256
007751,931157,2024-09-12,1.0807,1.2970,0.1400,7.0695,4.9065
007751,931157,2024-09-13,1.0792,1.2955,-0.1400,7.0793,4.8897
007751,931157,2024-09-18,1.0884,1.3047,0.8500,7.0195,4.7786
007751,931157,2024-09-19,1.0959,1.3122,0.6900,6.9714,4.7552
007751,931157,2024-09-20,1.0962,1.3125,0.0300,6.9695,4.7474
007751,931157,2024-09-23,1.1054,1.3217,0.8400,6.9115,4.7065
007751,931157,2024-09-24,1.1375,1.3538,2.9000,6.7165,4.5738
007751,931157,2024-09-25,1.1520,1.3683,1.2700,6.6319,4.5190
007751,931157,2024-09-26,1.1831,1.3994,2.7000,6.4576,4.4232
007751,931157,2024-09-27,1.1961,1.4124,1.1000,6.3874,4.3712
007751,931157,2024-09-30,1.2559,1.4722,5.0000,6.0833,4.1840
007751,931157,2024-10-08,1.2845,1.5008,2.2800,5.9478,4.1061
007751,931157,2024-10-09,1.2147,1.4310,-5.4300,6.2896,4.3269
007751,931157,2024-10-10,1.2421,1.4584,2.2600,6.1509,4.2392
007751,931157,2024-10-11,1.2236,1.4399,-1.4900,4.1108,4.3092
007751,931157,2024-10-14,1.2486,1.4649,2.0400,4.0285,4.2377
007751,931157,2024-10-15,1.2232,1.4395,-2.0300,4.1122,4.3385
007751,931157,2024-10-16,1.2360,1.4523,1.0500,4.0696,4.3211
007751,931157,2024-10-17,1.1963,1.4356,-1.3500,6.1272,4.3812
007751,931157,2024-10-18,1.2125,1.4518,1.3500,6.0454,4.3112
007751,931157,2024-10-21,1.2065,1.4458,-0.4900,6.0754,4.3402
007751,931157,2024-10-22,1.2148,1.4541,0.6900,6.0339,4.3094
007751,931157,2024-10-23,1.2187,1.4580,0.3200,6.0146,4.2999
007751,931157,2024-10-24,1.2128,1.4521,-0.4800,6.0439,4.3265
007751,931157,2024-10-25,1.2115,1.4508,-0.1100,6.0504,4.3617
007751,931157,2024-10-28,1.2168,1.4561,0.4400,6.0240,4.3647
007751,931157,2024-10-29,1.2068,1.4461,-0.8200,6.0739,4.3944
007751,931157,2024-10-30,1.1975,1.4368,-0.7700,6.1211,4.4368
007751,931157,2024-10-31,1.1993,1.4386,0.1500,6.1119,4.4513
007751,931157,2024-11-01,1.2045,1.4438,0.4300,6.0855,4.4572
007751,931157,2024-11-04,1.2153,1.4546,0.9000,6.0314,4.4335
007751,931157,2024-11-05,1.2279,1.4672,1.0400,5.9695,4.3955
007751,931157,2024-11-06,1.2208,1.4601,-0.5800,6.0043,4.4647
007751,931157,2024-11-07,1.2452,1.4845,2.0000,5.8866,4.3744
007751,931157,2024-11-08,1.2318,1.4711,-1.0800,5.9506,4.4173
007751,931157,2024-11-11,1.2241,1.4634,-0.6300,5.9881,4.4546
007751,931157,2024-11-12,1.2162,1.4555,-0.6500,6.0270,4.5069
007751,931157,2024-11-13,1.2226,1.4619,0.5300,5.9954,4.4648
007751,931157,2024-11-14,1.2111,1.4504,-0.9400,6.0523,4.4944
007751,931157,2024-11-15,1.2076,1.4469,-0.2900,6.0699,4.5025
007751,931157,2024-11-18,1.2206,1.4599,1.0800,6.0052,4.4785
007751,931157,2024-11-19,1.2262,1.4655,0.4600,5.9778,4.4811
007751,931157,2024-11-20,1.2264,1.4657,0.0200,5.9768,4.4743
007751,931157,2024-11-21,1.2262,1.4655,-0.0200,5.9778,4.4828
007751,931157,2024-11-22,1.1986,1.4379,-2.2500,6.1155,4.5788
007751,931157,2024-11-25,1.1987,1.4380,0.0100,6.1150,4.6047
007751,931157,2024-11-26,1.1987,1.4380,0.0000,6.1150,4.5945
007751,931157,2024-11-27,1.2110,1.4503,1.0300,6.0528,4.5350
007751,931157,2024-11-28,1.2053,1.4446,-0.4700,6.0815,4.6103
007751,931157,2024-11-29,1.2124,1.4517,0.5900,6.0459,4.5934
007751,931157,2024-12-02,1.2170,1.4563,0.3800,6.0230,4.5848
007751,931157,2024-12-03,1.2277,1.4670,0.8800,5.9705,4.5400
007751,931157,2024-12-04,1.2241,1.4634,-0.2900,5.9881,4.5323
007751,931157,2024-12-05,1.2229,1.4622,-0.1000,5.9939,4.5504
007751,931157,2024-12-06,1.2352,1.4745,1.0100,5.9343,4.5133
007751,931157,2024-12-09,1.2404,1.4797,0.4200,5.9094,4.4665
007751,931157,2024-12-10,1.2405,1.4798,0.0100,5.9089,4.4577
007751,931157,2024-12-11,1.2430,1.4823,0.2000,5.8970,4.4861
007751,931157,2024-12-12,1.2545,1.4938,0.9300,5.8430,4.4513
007751,931157,2024-12-13,1.2334,1.4727,-1.6800,5.9429,4.5204
007751,931157,2024-12-16,1.2389,1.4782,0.4500,5.9165,4.8682
007751,931157,2024-12-17,1.2329,1.4722,-0.4800,5.9453,4.8755
007751,931157,2024-12-18,1.2409,1.4802,0.6500,5.9070,4.8537
007751,931157,2024-12-19,1.2348,1.4741,-0.4900,5.9362,4.8849
007751,931157,2024-12-20,1.2312,1.4705,-0.2900,5.9535,4.9443
007751,931157,2024-12-23,1.2406,1.4799,0.7600,5.9084,4.8695
007751,931157,2024-12-24,1.2554,1.4947,1.1900,5.8388,4.8089
007751,931157,2024-12-25,1.2609,1.5002,0.4400,5.8133,4.7695
007751,931157,2024-12-26,1.2580,1.4973,-0.2300,5.8267,4.7774
007751,931157,2024-12-27,1.2656,1.5049,0.6000,5.7917,4.7795
007751,931157,2024-12-30,1.2724,1.5117,0.5400,5.7608,4.7548
007751,931157,2024-12-31,1.2642,1.5035,-0.6400,5.7981,4.7768
007751,931157,2025-01-02,1.2350,1.4743,-2.3100,5.9352,5.5275
007751,931157,2025-01-03,1.2261,1.4654,-0.7200,4.9996,5.5476
007751,931157,2025-01-06,1.2308,1.4701,0.3800,4.9805,5.5442
007751,931157,2025-01-07,1.2014,1.4684,-0.1400,7.4080,5.5472
007751,931157,2025-01-08,1.2048,1.4718,0.2800,7.3871,5.6295
007751,931157,2025-01-09,1.1944,1.4614,-0.8600,7.4514,5.6964
007751,931157,2025-01-10,1.1832,1.4502,-0.9400,7.5220,5.7969
007751,931157,2025-01-13,1.1747,1.4417,-0.7200,7.5764,5.9266
007751,931157,2025-01-14,1.1922,1.4592,1.4900,7.4652,5.8561
007751,931157,2025-01-15,1.1947,1.4617,0.2100,7.4496,5.8587
007751,931157,2025-01-16,1.2042,1.4712,0.8000,7.3908,5.8721
007751,931157,2025-01-17,1.2036,1.4706,-0.0500,7.3945,5.9037
007751,931157,2025-01-20,1.2046,1.4716,0.0800,7.3883,5.9493
007751,931157,2025-01-21,1.2037,1.4707,-0.0700,7.3939,5.9670
007751,931157,2025-01-22,1.1933,1.4603,-0.8600,7.4583,6.0450
007751,931157,2025-01-23,1.2061,1.4731,1.0700,7.3792,6.0822
007751,931157,2025-01-24,1.2116,1.4786,0.4600,7.3457,6.0546
007751,931157,2025-01-27,1.2248,1.4918,1.0900,7.2665,5.9830
007751,931157,2025-02-05,1.2097,1.4767,-1.2300,7.3572,6.0704
007751,931157,2025-02-06,1.2133,1.4803,0.3000,7.3354,6.0450
007751,931157,2025-02-07,1.2154,1.4824,0.1700,7.3227,6.0284
007751,931157,2025-02-10,1.2148,1.4818,-0.0500,7.3263,6.0000
007751,931157,2025-02-11,1.2207,1.4877,0.4900,7.2909,5.9721
007751,931157,2025-02-12,1.2265,1.4935,0.4800,7.2564,5.9399
007751,931157,2025-02-13,1.2234,1.4904,-0.2500,7.2748,5.9409
007751,931157,2025-02-14,1.2264,1.4934,0.2500,7.2570,5.9152
007751,931157,2025-02-17,1.2279,1.4949,0.1200,7.2481,5.8975
007751,931157,2025-02-18,1.2306,1.4976,0.2200,7.2322,5.8950
007751,931157,2025-02-19,1.2277,1.4947,-0.2400,7.2493,5.9171
007751,931157,2025-02-20,1.2235,1.4905,-0.3400,7.2742,5.9189
007751,931157,2025-02-21,1.2233,1.4903,-0.0200,7.2754,5.8938
007751,931157,2025-02-24,1.2227,1.4897,-0.0500,7.2790,5.9184
007751,931157,2025-02-25,1.2084,1.4754,-1.1700,7.3651,6.0005
007751,931157,2025-02-26,1.2205,1.4875,1.0000,7.2921,5.9580
007751,931157,2025-02-27,1.2250,1.4920,0.3700,7.2653,5.9343
007751,931157,2025-02-28,1.2151,1.4821,-0.8100,7.3245,5.9843
007751,931157,2025-03-03,1.2175,1.4845,0.2000,7.3101,5.9723
007751,931157,2025-03-04,1.2180,1.4850,0.0400,7.3071,5.9976
007751,931157,2025-03-05,1.2302,1.4972,1.0000,7.2346,5.9247
007751,931157,2025-03-06,1.2300,1.4970,-0.0200,7.2358,5.9003
007751,931157,2025-03-07,1.2299,1.4969,-0.0100,7.2364,5.9032
007751,931157,2025-03-10,1.2280,1.4950,-0.1500,7.2476,5.9470
007751,931157,2025-03-11,1.2345,1.5015,0.5300,7.2094,5.9247
007751,931157,2025-03-12,1.2353,1.5023,0.0600,7.2047,5.9440
007751,931157,2025-03-13,1.2401,1.5071,0.3900,7.1768,5.9067
007751,931157,2025-03-14,1.2513,1.5183,0.9000,7.1126,5.8197
007751,931157,2025-03-17,1.2547,1.5217,0.2700,7.0933,5.8169
007751,931157,2025-03-18,1.2576,1.5246,0.2300,7.0770,5.7908
007751,931157,2025-03-19,1.2600,1.5270,0.1900,7.0635,5.7892
007751,931157,2025-03-20,1.2564,1.5234,-0.2900,7.0837,5.8134
007751,931157,2025-03-21,1.2499,1.5169,-0.5200,7.1206,5.8542
007751,931157,2025-03-24,1.2591,1.5261,0.7400,7.0685,5.8023
007751,931157,2025-03-25,1.2619,1.5289,0.2200,7.0529,5.7949
007751,931157,2025-03-26,1.2591,1.5261,-0.2200,7.0685,5.8052
007751,931157,2025-03-27,1.2569,1.5239,-0.1700,7.0809,5.8072
007751,931157,2025-03-28,1.2532,1.5202,-0.2900,7.1018,5.8386
007751,931157,2025-03-31,1.2500,1.5170,-0.2600,7.1200,5.8037
007751,931157,2025-04-01,1.2580,1.5250,0.6400,7.0747,5.7853
007751,931157,2025-04-02,1.2651,1.5321,0.5600,7.0350,5.7771
007751,931157,2025-04-03,1.2641,1.5311,-0.0800,7.0406,5.7761
007751,931157,2025-04-07,1.1586,1.4497,-6.4400,9.7618,6.1844
007751,931157,2025-04-08,1.1760,1.4671,1.5000,9.6173,6.0524
007751,931157,2025-04-09,1.1823,1.4734,0.5400,8.3820,6.0485
007751,931157,2025-04-10,1.1921,1.4832,0.8300,8.3131,6.0071
007751,931157,2025-04-11,1.1950,1.4861,0.2400,8.2929,6.0591
007751,931157,2025-04-14,1.2040,1.4951,0.7500,8.2309,5.9973
007751,931157,2025-04-15,1.2111,1.5022,0.5900,8.1826,5.9664
007751,931157,2025-04-16,1.2130,1.5041,0.1600,8.1698,5.9232
007751,931157,2025-04-17,1.2154,1.5065,0.2000,8.1537,5.9016
007751,931157,2025-04-18,1.2153,1.5064,-0.0100,8.1544,5.9207
007751,931157,2025-04-21,1.2131,1.5042,-0.1800,8.1692,5.9337
007751,931157,2025-04-22,1.2205,1.5116,0.6100,8.1196,6.0144
007751,931157,2025-04-23,1.2187,1.5098,-0.1500,8.1316,6.0261
007751,931157,2025-04-24,1.2257,1.5168,0.5700,8.0852,5.9987
007751,931157,2025-04-25,1.2270,1.5181,0.1100,8.0766,6.0130
007751,931157,2025-04-28,1.2321,1.5232,0.4200,8.0432,5.9733
007751,931157,2025-04-29,1.2285,1.5196,-0.2900,8.0667,6.0082
007751,931157,2025-04-30,1.2182,1.5093,-0.8400,8.1350,6.6449
007751,931157,2025-05-06,1.2210,1.5121,0.2300,8.1163,6.6193
007751,931157,2025-05-07,1.2306,1.5217,0.7900,8.0530,6.5417
007751,931157,2025-05-08,1.2367,1.5278,0.5000,8.0133,6.5246
007751,931157,2025-05-09,1.2467,1.5378,0.8100,7.9490,6.4929
007751,931157,2025-05-12,1.2518,1.5429,0.4100,7.9166,6.4602
007751,931157,2025-05-13,1.2628,1.5539,0.8800,7.8476,6.4201
007751,931157,2025-05-14,1.2721,1.5632,0.7400,7.7903,6.3545
007751,931157,2025-05-15,1.2672,1.5583,-0.3900,7.8204,6.3694
007751,931157,2025-05-16,1.2641,1.5552,-0.2400,7.8396,6.4399
007751,931157,2025-05-19,1.2645,1.5556,0.0300,7.8371,6.4261
007751,931157,2025-05-20,1.2691,1.5602,0.3600,7.8087,6.4019
007751,931157,2025-05-21,1.2774,1.5685,0.6500,7.7579,6.3489
007751,931157,2025-05-22,1.2804,1.5715,0.2300,7.7398,6.3261
007751,931157,2025-05-23,1.2730,1.5641,-0.5800,7.7848,6.3876
007751,931157,2025-05-26,1.2666,1.5577,-0.5000,7.8241,6.3964
007751,931157,2025-05-27,1.2689,1.5600,0.1800,7.8099,6.4005
007751,931157,2025-05-28,1.2722,1.5633,0.2600,7.7897,6.3735
007751,931157,2025-05-29,1.2743,1.5654,0.1700,7.7768,6.3549
007751,931157,2025-05-30,1.2770,1.5681,0.2100,7.7604,6.3412
007751,931157,2025-06-03,1.2939,1.5850,1.3200,7.6590,6.2186
007751,931157,2025-06-04,1.2985,1.5896,0.3600,7.6319,6.1989
007751,931157,2025-06-05,1.2912,1.5823,-0.5600,7.6750,6.2356
007751,931157,2025-06-06,1.2937,1.5848,0.1900,7.6602,6.2164
007751,931157,2025-06-09,1.3022,1.5933,0.6600,7.6102,6.1317
007751,931157,2025-06-10,1.3066,1.5977,0.3400,7.5846,6.1205
007751,931157,2025-06-11,1.3128,1.6039,0.4700,7.5488,6.1422
007751,931157,2025-06-12,1.3151,1.6062,0.1800,7.5355,6.2018
007751,931157,2025-06-13,1.3058,1.5969,-0.7100,7.5892,6.2745
007751,931157,2025-06-16,1.3090,1.6001,0.2500,7.5707,5.8537
007751,931157,2025-06-17,1.3066,1.5977,-0.1800,7.5846,5.8673
007751,931157,2025-06-18,1.3082,1.5993,0.1200,7.5753,5.8352
007751,931157,2025-06-19,1.2990,1.5901,-0.7000,7.6289,5.8625
007751,931157,2025-06-20,1.3071,1.5982,0.6200,7.5817,5.7813
007751,931157,2025-06-23,1.3091,1.6002,0.1500,7.5701,5.7702
007751,931157,2025-06-24,1.3163,1.6074,0.5500,7.5287,5.7248
007751,931157,2025-06-25,1.3235,1.6146,0.5500,7.4877,5.9778
007751,931157,2025-06-26,1.3260,1.6171,0.1900,7.4736,5.9731
007751,931157,2025-06-27,1.3126,1.6037,-1.0100,7.5499,5.8215
007751,931157,2025-06-30,1.3049,1.5960,-0.5900,7.5945,5.8953
007751,931157,2025-07-01,1.3130,1.6041,0.6200,7.5476,5.8688
007751,931157,2025-07-02,1.3210,1.6121,0.6100,7.5019,5.8243
007751,931157,2025-07-03,1.3217,1.6128,0.0500,7.4979,5.7791
007751,931157,2025-07-04,1.3012,1.6206,0.5900,9.7910,5.7169
007751,931157,2025-07-07,1.3035,1.6229,0.1800,9.7737,4.9861
007751,931157,2025-07-08,1.3033,1.6227,-0.0200,7.9107,4.9790
007751,931157,2025-07-09,1.3041,1.6235,0.0600,7.9058,4.8138
007751,931157,2025-07-10,1.3147,1.6341,0.8100,7.8421,4.8176
007751,931157,2025-07-11,1.3074,1.6268,-0.5600,7.8859,5.0839
007751,931157,2025-07-14,1.3154,1.6348,0.6100,7.8379,4.7276
007751,931157,2025-07-15,1.3078,1.6272,-0.5800,7.8835,4.7348
007751,931157,2025-07-16,1.3076,1.6270,-0.0200,7.8847,4.7717
007751,931157,2025-07-17,1.3050,1.6244,-0.2000,7.9004,4.7838
007751,931157,2025-07-18,1.3123,1.6317,0.5600,7.8564,4.4496
007751,931157,2025-07-21,1.3156,1.6350,0.2500,7.8367,4.4479
007751,931157,2025-07-22,1.3189,1.6383,0.2500,7.8171,4.4632
007751,931157,2025-07-23,1.3189,1.6383,0.0000,7.8171,4.4493
007751,931157,2025-07-24,1.3162,1.6356,-0.2000,7.8332,4.4646
007751,931157,2025-07-25,1.3096,1.6290,-0.5000,7.8726,4.5625
007751,931157,2025-07-28,1.3101,1.6295,0.0400,7.8696,4.5911
007751,931157,2025-07-29,1.3035,1.6229,-0.5000,7.9095,4.6129
007751,931157,2025-07-30,1.3073,1.6267,0.2900,7.8865,4.5938
007751,931157,2025-07-31,1.2888,1.6082,-1.4200,7.9997,4.6391
007751,931157,2025-08-01,1.2884,1.6078,-0.0300,8.0022,4.6598
007751,931157,2025-08-04,1.2957,1.6151,0.5700,7.9571,4.6475
007751,931157,2025-08-05,1.3096,1.6290,1.0700,7.8726,4.6143
007751,931157,2025-08-06,1.3071,1.6265,-0.1900,7.8877,4.6381
007751,931157,2025-08-07,1.3124,1.6318,0.4100,7.8558,4.6099
007751,931157,2025-08-08,1.3145,1.6339,0.1600,7.8433,4.6001
007751,931157,2025-08-11,1.3115,1.6309,-0.2300,7.8612,4.6197
007751,931157,2025-08-12,1.3157,1.6351,0.3200,7.8361,4.5921
007751,931157,2025-08-13,1.3143,1.6337,-0.1100,7.8445,4.5985
007751,931157,2025-08-14,1.3054,1.6248,-0.6800,7.8980,4.6562
007751,931157,2025-08-15,1.3028,1.6222,-0.2000,7.9137,4.6839
007751,931157,2025-08-18,1.3020,1.6214,-0.0600,7.9186,4.6365
007751,931157,2025-08-19,1.2982,1.6176,-0.2900,7.9418,4.6348
007751,931157,2025-08-20,1.3101,1.6295,0.9200,7.8696,4.5909
007751,931157,2025-08-21,1.3160,1.6354,0.4500,7.8343,4.5644
007751,931157,2025-08-22,1.3137,1.6331,-0.1700,7.8481,4.5729
007751,931157,2025-08-25,1.3205,1.6399,0.5200,7.8076,4.5583
007751,931157,2025-08-26,1.3175,1.6369,-0.2300,7.8254,4.5832
007751,931157,2025-08-27,1.2957,1.6151,-1.6500,7.9571,4.6677
007751,931157,2025-08-28,1.2995,1.6189,0.2900,7.9338,4.6501
007751,931157,2025-08-29,1.2969,1.6163,-0.2000,7.9497,4.6636
007751,931157,2025-09-01,1.2978,1.6172,0.0700,7.9442,5.0508
007751,931157,2025-09-02,1.3042,1.6236,0.4900,7.9052,4.9884
007751,931157,2025-09-03,1.2951,1.6145,-0.7000,7.9608,4.6886
007751,931157,2025-09-04,1.2920,1.6114,-0.2400,7.9799,4.6835
007751,931157,2025-09-05,1.2981,1.6175,0.4700,7.9424,4.6803
007751,931157,2025-09-08,1.3048,1.6242,0.5200,7.9016,4.6791
007751,931157,2025-09-09,1.3112,1.6306,0.4900,7.8630,4.6531
007751,931157,2025-09-10,1.3139,1.6333,0.2100,7.8469,4.6493
007751,931157,2025-09-11,1.3190,1.6384,0.3900,7.8165,4.6589
007751,931157,2025-09-12,1.3132,1.6326,-0.4400,7.8511,4.6694
007751,931157,2025-09-15,1.3047,1.6241,-0.6500,7.9022,4.6410
007751,931157,2025-09-16,1.3033,1.6227,-0.1100,7.9107,4.6830
007751,931157,2025-09-17,1.3041,1.6235,0.0600,7.9058,4.9410
007751,931157,2025-09-18,1.2844,1.6038,-1.5100,8.0271,5.0196
007751,931157,2025-09-19,1.2859,1.6053,0.1200,8.0177,5.0323
007751,931157,2025-09-22,1.2765,1.5959,-0.7300,8.0768,4.8235
007751,931157,2025-09-23,1.2793,1.5987,0.2200,8.0591,4.8031
007751,931157,2025-09-24,1.2871,1.6065,0.6100,8.0103,4.8103
007751,931157,2025-09-25,1.2742,1.5936,-1.0000,8.0914,4.8597
007751,931157,2025-09-26,1.2794,1.5988,0.4100,8.0585,4.8524
007751,931157,2025-09-29,1.2854,1.6048,0.4700,8.0208,4.8381
007751,931157,2025-09-30,1.2837,1.6031,-0.1300,8.0315,4.8645
007751,931157,2025-10-09,1.2911,1.6105,0.5800,7.9854,4.8415
007751,931157,2025-10-10,1.3004,1.6198,0.7200,7.9283,4.8253
007751,931157,2025-10-13,1.2968,1.6162,-0.2800,7.9503,4.8408
007751,931157,2025-10-14,1.2798,1.6266,0.8000,10.1969,4.7943
007751,931157,2025-10-15,1.2873,1.6341,0.5900,10.1375,4.7808
007751,931157,2025-10-16,1.2938,1.6406,0.5000,10.0866,4.7633
007751,931157,2025-10-17,1.2832,1.6300,-0.8200,8.3775,4.8025
007751,931157,2025-10-20,1.2848,1.6316,0.1200,8.3671,4.7628
007751,931157,2025-10-21,1.2933,1.6401,0.6600,8.3121,4.7406
007751,931157,2025-10-22,1.2954,1.6422,0.1600,8.2986,4.7301
007751,931157,2025-10-23,1.3030,1.6498,0.5900,8.2502,4.6860
007751,931157,2025-10-24,1.3010,1.6478,-0.1500,8.2629,4.7172
007751,931157,2025-10-27,1.3094,1.6562,0.6500,8.2099,4.6793
007751,931157,2025-10-28,1.3074,1.6542,-0.1500,8.2224,4.6806
007751,931157,2025-10-29,1.3080,1.6548,0.0500,8.2187,4.6837
007751,931157,2025-10-30,1.3054,1.6522,-0.2000,8.2350,4.6784
007751,931157,2025-10-31,1.3007,1.6475,-0.3600,8.2648,4.6906
007751,931157,2025-11-03,1.3094,1.6562,0.6700,8.2099,4.6174
007751,931157,2025-11-04,1.3133,1.6601,0.3000,8.1855,4.5883
007751,931157,2025-11-05,1.3152,1.6620,0.1400,8.1737,4.5893
007751,931157,2025-11-06,1.3263,1.6731,0.8400,8.1053,4.5557
007751,931157,2025-11-07,1.3290,1.6758,0.2000,8.0888,4.5475
007751,931157,2025-11-10,1.3392,1.6860,0.7700,8.0272,4.4555
007751,931157,2025-11-11,1.3413,1.6881,0.1600,8.0146,4.4486
007751,931157,2025-11-12,1.3457,1.6925,0.3300,7.9884,4.4401
007751,931157,2025-11-13,1.3464,1.6932,0.0500,7.9843,4.4414
007751,931157,2025-11-14,1.3388,1.6856,-0.5600,8.0296,4.4648
007751,931157,2025-11-17,1.3256,1.6724,-0.9900,8.1095,4.5044
007751,931157,2025-11-18,1.3144,1.6612,-0.8400,8.1786,4.5735
007751,931157,2025-11-19,1.3165,1.6633,0.1600,8.1656,4.5408
007751,931157,2025-11-20,1.3207,1.6675,0.3200,8.1396,4.5606
007751,931157,2025-11-21,1.2976,1.6444,-1.7500,8.2845,4.6075
007751,931157,2025-11-24,1.3005,1.6473,0.2200,8.2661,4.6040
007751,931157,2025-11-25,1.3079,1.6547,0.5700,8.2193,4.5851
007751,931157,2025-11-26,1.3078,1.6546,-0.0100,8.2199,4.5769
007751,931157,2025-11-27,1.3093,1.6561,0.1100,8.2105,4.5668
007751,931157,2025-11-28,1.3069,1.6537,-0.1800,8.2256,4.5927
007751,931157,2025-12-01,1.3195,1.6663,0.9600,8.1470,4.5376
007751,931157,2025-12-02,1.3209,1.6677,0.1100,8.1384,4.5320
007751,931157,2025-12-03,1.3214,1.6682,0.0400,8.1353,4.8762
007751,931157,2025-12-04,1.3202,1.6670,-0.0900,8.1427,4.9577
007751,931157,2025-12-05,1.3198,1.6666,-0.0300,8.1452,4.9838
007751,931157,2025-12-08,1.3108,1.6576,-0.6800,8.2011,5.0371
007751,931157,2025-12-09,1.3012,1.6480,-0.7300,8.2616,5.0674
007751,931157,2025-12-10,1.2999,1.6467,-0.1000,8.2699,5.0957
007751,931157,2025-12-11,1.2971,1.6439,-0.2200,8.2877,5.2793
007751,931157,2025-12-12,1.2980,1.6448,0.0700,8.2820,5.2877
007751,931157,2025-12-15,1.2976,1.6444,-0.0300,8.2845,5.1996
007751,931157,2025-12-16,1.2877,1.6345,-0.7600,8.3482,5.2514
007751,931157,2025-12-17,1.2920,1.6388,0.3300,8.3204,5.2873
007751,931157,2025-12-18,1.3011,1.6479,0.7000,8.2622,5.2559
007751,931157,2025-12-19,1.3029,1.6497,0.1400,8.2508,5.2581
007751,931157,2025-12-22,1.2994,1.6462,-0.2700,8.2730,5.2396
007751,931157,2025-12-23,1.3002,1.6470,0.0600,8.2680,5.2330
007751,931157,2025-12-24,1.3013,1.6481,0.0800,8.2610,5.2457
007751,931157,2025-12-25,1.3023,1.6491,0.0800,8.2546,5.2356
007751,931157,2025-12-26,1.3018,1.6486,-0.0400,8.2578,5.2354
007751,931157,2025-12-29,1.2975,1.6443,-0.3300,8.2852,5.2212
007751,931157,2025-12-30,1.2967,1.6435,-0.0600,8.2903,5.2022
007751,931157,2025-12-31,1.2955,1.6423,-0.0900,8.2980,5.2233
007751,931157,2026-01-05,1.3022,1.6490,0.5200,8.2553,4.6831
007751,931157,2026-01-06,1.3119,1.6587,0.7400,8.1942,4.6344
007751,931157,2026-01-07,1.3070,1.6538,-0.3700,6.1056,4.6734
007751,931157,2026-01-08,1.2992,1.6460,-0.6000,6.1422,4.7213
007751,931157,2026-01-09,1.2772,1.6508,0.3700,8.3464,4.7394
007751,931157,2026-01-12,1.2816,1.6552,0.3400,8.3177,4.6738
007751,931157,2026-01-13,1.2820,1.6556,0.0300,8.3151,4.6627
007751,931157,2026-01-14,1.2710,1.6446,-0.8600,8.3871,4.7567
007751,931157,2026-01-15,1.2713,1.6449,0.0200,8.3851,4.7494
007751,931157,2026-01-16,1.2634,1.6370,-0.6200,8.4375,4.9588
007751,931157,2026-01-19,1.2663,1.6399,0.2300,8.4182,4.9112
007751,931157,2026-01-20,1.2777,1.6513,0.9000,8.3431,4.8921
007751,931157,2026-01-21,1.2733,1.6469,-0.3400,8.3719,4.9016
007751,931157,2026-01-22,1.2768,1.6504,0.2700,8.3490,4.9084
007751,931157,2026-01-23,1.2775,1.6511,0.0500,8.3444,4.9365
007751,931157,2026-01-26,1.2832,1.6568,0.4500,8.3074,4.8961
007751,931157,2026-01-27,1.2800,1.6536,-0.2500,8.3281,4.8834
007751,931157,2026-01-28,1.2864,1.6600,0.5000,8.2867,4.8360
007751,931157,2026-01-29,1.3012,1.6748,1.1500,8.1924,4.7696
007751,931157,2026-01-30,1.2922,1.6658,-0.6900,8.2495,4.8387
007751,931157,2026-02-02,1.2734,1.6470,-1.4500,8.3713,4.9008
007751,931157,2026-02-03,1.2816,1.6552,0.6400,8.3177,4.8818
007751,931157,2026-02-04,1.2974,1.6710,1.2300,8.2164,4.8234
007751,931157,2026-02-05,1.3092,1.6828,0.9100,8.1424,4.7787
007751,931157,2026-02-06,1.3030,1.6766,-0.4700,8.1811,4.8061
007751,931157,2026-02-09,1.3127,1.6863,0.7400,8.1207,4.8128
007751,931157,2026-02-10,1.3149,1.6885,0.1700,8.1071,4.8045
007751,931157,2026-02-11,1.3182,1.6918,0.2500,8.0868,4.8114
007751,931157,2026-02-12,1.3118,1.6854,-0.4900,8.1262,4.8335
007751,931157,2026-02-13,1.2968,1.6704,-1.1400,8.2202,4.8897
007751,931157,2026-02-24,1.3078,1.6814,0.8500,8.1511,4.8462
007751,931157,2026-02-25,1.3077,1.6813,-0.0100,8.1517,4.8469
007751,931157,2026-02-26,1.3089,1.6825,0.0900,8.1442,4.8700
007751,931157,2026-02-27,1.3120,1.6856,0.2400,8.1250,4.8678
007751,931157,2026-03-02,1.3095,1.6831,-0.1900,8.1405,4.9079
007751,931157,2026-03-03,1.3013,1.6749,-0.6300,8.1918,4.9036
007751,931157,2026-03-04,1.2877,1.6613,-1.0500,8.2783,4.9612
007751,931157,2026-03-05,1.2940,1.6676,0.4900,8.2380,4.9335
007751,931157,2026-03-06,1.3060,1.6796,0.9300,8.1623,4.8975
007751,931157,2026-03-09,1.2945,1.6681,-0.8800,8.2348,4.9402
007751,931157,2026-03-10,1.3016,1.6752,0.5500,8.1899,4.9192
007751,931157,2026-03-11,1.3060,1.6796,0.3400,8.1623,4.9189
007751,931157,2026-03-12,1.3086,1.6822,0.2000,8.1461,4.9118
007751,931157,2026-03-13,1.3057,1.6793,-0.2200,8.1642,4.9130
007751,931157,2026-03-16,1.3022,1.6758,-0.2700,8.1861,4.8999
007751,931157,2026-03-17,1.3030,1.6766,0.0600,8.1811,4.8806
007751,931157,2026-03-18,1.2994,1.6730,-0.2800,8.2038,4.8883
007751,931157,2026-03-19,1.2880,1.6616,-0.8800,8.2764,4.9266
007751,931157,2026-03-20,1.2839,1.6575,-0.3200,8.3028,4.9554
007751,931157,2026-03-23,1.2380,1.6116,-3.5800,8.6107,5.1099
007751,931157,2026-03-24,1.2610,1.6346,1.8600,8.4536,5.0339
007751,931157,2026-03-25,1.2774,1.6510,1.3000,8.3451,4.9835
007751,931157,2026-03-26,1.2689,1.6425,-0.6700,8.4010,5.0146
007751,931157,2026-03-27,1.2698,1.6434,0.0700,8.3950,4.9959
007751,931157,2026-03-30,1.2731,1.6467,0.2600,8.3733,4.9839
007751,931157,2026-03-31,1.2762,1.6498,0.2400,8.3529,4.9392
007751,931157,2026-04-01,1.2833,1.6569,0.5600,8.3067,4.8993
007751,931157,2026-04-02,1.2839,1.6575,0.0500,8.3028,4.9008
007751,931157,2026-04-03,1.2727,1.6463,-0.8700,8.3759,4.9238
007751,931157,2026-04-07,1.2666,1.6402,-0.4800,6.5135,4.9469
007751,931157,2026-04-08,1.2666,1.6619,1.7100,8.2267,4.8795
007751,931157,2026-04-09,1.2575,1.6528,-0.7200,8.2863,4.9099
007751,931157,2026-04-10,1.2640,1.6593,0.5200,8.2437,4.8792
007751,931157,2026-04-13,1.2578,1.6531,-0.4900,8.2843,4.8388
007751,931157,2026-04-14,1.2618,1.6571,0.3200,8.2580,4.8099
007751,931157,2026-04-15,1.2664,1.6617,0.3600,8.2280,4.7993
007751,931157,2026-04-16,1.2663,1.6616,-0.0100,8.2287,4.7911
007751,931157,2026-04-17,1.2611,1.6564,-0.4100,8.2626,4.7955
007751,931157,2026-04-20,1.2650,1.6603,0.3100,8.2372,4.7524
007751,931157,2026-04-21,1.2725,1.6678,0.5900,8.1886,4.7234
007751,931157,2026-04-22,1.2724,1.6677,-0.0100,8.1892,4.7470
007751,931157,2026-04-23,1.2774,1.6727,0.3900,8.1572,4.7263
007751,931157,2026-04-24,1.2723,1.6676,-0.4000,8.1899,4.7045
007751,931157,2026-04-27,1.2619,1.6572,-0.8200,8.2574,4.7218
007751,931157,2026-04-28,1.2652,1.6605,0.2600,8.2359,4.7061
007751,931157,2026-04-29,1.2730,1.6683,0.6200,8.1854,4.6766
007751,931157,2026-04-30,1.2630,1.6583,-0.7900,8.2502,4.7496
007751,931157,2026-05-06,1.2653,1.6606,0.1800,8.2352,4.4644
007751,931157,2026-05-07,1.2620,1.6573,-0.2600,8.2567,4.4716
007751,931157,2026-05-08,1.2558,1.6511,-0.4900,8.2975,4.4990
007751,931157,2026-05-11,1.2604,1.6557,0.3700,8.2672,4.4340
007751,931157,2026-05-12,1.2570,1.6523,-0.2700,8.2896,5.0512
007751,931157,2026-05-13,1.2578,1.6531,0.0600,8.2843,4.4889
007751,931157,2026-05-14,1.2517,1.6470,-0.4800,8.3247,4.5029
007751,931157,2026-05-15,1.2396,1.6349,-0.9700,8.4059,4.5191
007751,931157,2026-05-18,1.2308,1.6261,-0.7100,8.4660,4.5624
007751,931157,2026-05-19,1.2370,1.6323,0.5000,8.4236,4.5451
007751,931157,2026-05-20,1.2306,1.6259,-0.5200,8.4674,4.5847
007751,931157,2026-05-21,1.2225,1.6178,-0.6600,8.5235,4.6094
007751,931157,2026-05-22,1.2212,1.6165,-0.1100,8.5326,4.6113
007751,931157,2026-05-25,1.2217,1.6170,0.0400,8.5291,4.5997
007751,931157,2026-05-26,1.2222,1.6175,0.0400,8.5256,4.6772
007751,931157,2026-05-27,1.2147,1.6100,-0.6100,8.5782,4.6449
007751,931157,2026-05-28,1.2067,1.6020,-0.6600,8.6351,4.6916
007751,931157,2026-05-29,1.2223,1.6176,1.2900,8.5249,4.6544
007751,931157,2026-06-01,1.2347,1.6300,1.0100,8.4393,4.6293
007751,931157,2026-06-02,1.2333,1.6286,-0.1100,8.4489,4.6206
